strategy,historical_sensors,historical_observations,historical_observations_per_sensor,live_sensors,live_fraction,repetition,random_seed,evaluation_time,total_latency_ms,historical_source_time_ms,coordinator_time_ms,historical_entities_looked_up,historical_records_scanned,historical_records_matched,historical_records_returned,live_records_processed,bytes_sent_to_historical_source,bytes_received_from_historical_source,total_bytes_transferred,source_requests,result_count,result_hash
fetch-all,100000,10000000,100,10,0.00010000,0,7,3000000,8.522958,8.519125,0.003833,100000,10000000,10000000,10000000,10,0,240000000,240000120,2,10,496238227422992980
fetch-all,100000,10000000,100,10,0.00010000,1,7,3000000,7.906166,7.902958,0.003166,100000,10000000,10000000,10000000,10,0,240000000,240000120,2,10,496238227422992980
fetch-all,100000,10000000,100,10,0.00010000,2,7,3000000,7.934709,7.932834,0.001916,100000,10000000,10000000,10000000,10,0,240000000,240000120,2,10,496238227422992980
aggregate-pushdown,100000,10000000,100,10,0.00010000,0,7,3000000,7.913125,7.911250,0.001875,100000,10000000,10000000,100000,10,0,1200000,1200120,2,10,496238227422992980
aggregate-pushdown,100000,10000000,100,10,0.00010000,1,7,3000000,7.359000,7.357042,0.001958,100000,10000000,10000000,100000,10,0,1200000,1200120,2,10,496238227422992980
aggregate-pushdown,100000,10000000,100,10,0.00010000,2,7,3000000,7.301125,7.298916,0.002167,100000,10000000,10000000,100000,10,0,1200000,1200120,2,10,496238227422992980
bind-join,100000,10000000,100,10,0.00010000,0,7,3000000,0.001125,0.000667,0.000417,10,1000,1000,10,10,40,120,280,2,10,496238227422992980
bind-join,100000,10000000,100,10,0.00010000,1,7,3000000,0.001083,0.000667,0.000375,10,1000,1000,10,10,40,120,280,2,10,496238227422992980
bind-join,100000,10000000,100,10,0.00010000,2,7,3000000,0.001083,0.000667,0.000417,10,1000,1000,10,10,40,120,280,2,10,496238227422992980
fetch-all,100000,10000000,100,100,0.00100000,0,7,3000000,8.034916,8.016625,0.018208,100000,10000000,10000000,10000000,100,0,240000000,240001200,2,100,14789835742191583177
fetch-all,100000,10000000,100,100,0.00100000,1,7,3000000,7.409125,7.397541,0.011584,100000,10000000,10000000,10000000,100,0,240000000,240001200,2,100,14789835742191583177
fetch-all,100000,10000000,100,100,0.00100000,2,7,3000000,6.998875,6.987833,0.011000,100000,10000000,10000000,10000000,100,0,240000000,240001200,2,100,14789835742191583177
aggregate-pushdown,100000,10000000,100,100,0.00100000,0,7,3000000,6.911792,6.901084,0.010750,100000,10000000,10000000,100000,100,0,1200000,1201200,2,100,14789835742191583177
aggregate-pushdown,100000,10000000,100,100,0.00100000,1,7,3000000,6.668125,6.657459,0.010667,100000,10000000,10000000,100000,100,0,1200000,1201200,2,100,14789835742191583177
aggregate-pushdown,100000,10000000,100,100,0.00100000,2,7,3000000,6.801166,6.792791,0.008375,100000,10000000,10000000,100000,100,0,1200000,1201200,2,100,14789835742191583177
bind-join,100000,10000000,100,100,0.00100000,0,7,3000000,0.011292,0.006667,0.004667,100,10000,10000,100,100,400,1200,2800,2,100,14789835742191583177
bind-join,100000,10000000,100,100,0.00100000,1,7,3000000,0.011000,0.006542,0.004458,100,10000,10000,100,100,400,1200,2800,2,100,14789835742191583177
bind-join,100000,10000000,100,100,0.00100000,2,7,3000000,0.012041,0.007167,0.004833,100,10000,10000,100,100,400,1200,2800,2,100,14789835742191583177
fetch-all,100000,10000000,100,1000,0.01000000,0,7,3000000,6.668750,6.600083,0.068709,100000,10000000,10000000,10000000,1000,0,240000000,240012000,2,1000,8851256960392883495
fetch-all,100000,10000000,100,1000,0.01000000,1,7,3000000,6.690583,6.620625,0.070000,100000,10000000,10000000,10000000,1000,0,240000000,240012000,2,1000,8851256960392883495
fetch-all,100000,10000000,100,1000,0.01000000,2,7,3000000,6.704875,6.631333,0.073542,100000,10000000,10000000,10000000,1000,0,240000000,240012000,2,1000,8851256960392883495
aggregate-pushdown,100000,10000000,100,1000,0.01000000,0,7,3000000,7.301583,7.229500,0.072042,100000,10000000,10000000,100000,1000,0,1200000,1212000,2,1000,8851256960392883495
aggregate-pushdown,100000,10000000,100,1000,0.01000000,1,7,3000000,6.768666,6.700166,0.068500,100000,10000000,10000000,100000,1000,0,1200000,1212000,2,1000,8851256960392883495
aggregate-pushdown,100000,10000000,100,1000,0.01000000,2,7,3000000,6.684667,6.617334,0.067333,100000,10000000,10000000,100000,1000,0,1200000,1212000,2,1000,8851256960392883495
bind-join,100000,10000000,100,1000,0.01000000,0,7,3000000,0.118708,0.076166,0.042542,1000,100000,100000,1000,1000,4000,12000,28000,2,1000,8851256960392883495
bind-join,100000,10000000,100,1000,0.01000000,1,7,3000000,0.115416,0.072875,0.042458,1000,100000,100000,1000,1000,4000,12000,28000,2,1000,8851256960392883495
bind-join,100000,10000000,100,1000,0.01000000,2,7,3000000,0.103542,0.065292,0.038250,1000,100000,100000,1000,1000,4000,12000,28000,2,1000,8851256960392883495
fetch-all,100000,10000000,100,5000,0.05000000,0,7,3000000,6.840709,6.563083,0.277584,100000,10000000,10000000,10000000,5000,0,240000000,240060000,2,5000,4628175296057855655
fetch-all,100000,10000000,100,5000,0.05000000,1,7,3000000,6.939834,6.658750,0.281083,100000,10000000,10000000,10000000,5000,0,240000000,240060000,2,5000,4628175296057855655
fetch-all,100000,10000000,100,5000,0.05000000,2,7,3000000,7.126250,6.833125,0.293167,100000,10000000,10000000,10000000,5000,0,240000000,240060000,2,5000,4628175296057855655
aggregate-pushdown,100000,10000000,100,5000,0.05000000,0,7,3000000,6.904416,6.631333,0.273083,100000,10000000,10000000,100000,5000,0,1200000,1260000,2,5000,4628175296057855655
aggregate-pushdown,100000,10000000,100,5000,0.05000000,1,7,3000000,7.004334,6.726667,0.277625,100000,10000000,10000000,100000,5000,0,1200000,1260000,2,5000,4628175296057855655
aggregate-pushdown,100000,10000000,100,5000,0.05000000,2,7,3000000,6.833750,6.551584,0.282125,100000,10000000,10000000,100000,5000,0,1200000,1260000,2,5000,4628175296057855655
bind-join,100000,10000000,100,5000,0.05000000,0,7,3000000,0.911042,0.718792,0.192250,5000,500000,500000,5000,5000,20000,60000,140000,2,5000,4628175296057855655
bind-join,100000,10000000,100,5000,0.05000000,1,7,3000000,0.834041,0.642792,0.191208,5000,500000,500000,5000,5000,20000,60000,140000,2,5000,4628175296057855655
bind-join,100000,10000000,100,5000,0.05000000,2,7,3000000,0.725667,0.535250,0.190375,5000,500000,500000,5000,5000,20000,60000,140000,2,5000,4628175296057855655
fetch-all,100000,10000000,100,10000,0.10000000,0,7,3000000,7.016000,6.555916,0.460084,100000,10000000,10000000,10000000,10000,0,240000000,240120000,2,10000,13808986774228246291
fetch-all,100000,10000000,100,10000,0.10000000,1,7,3000000,7.140000,6.637167,0.502791,100000,10000000,10000000,10000000,10000,0,240000000,240120000,2,10000,13808986774228246291
fetch-all,100000,10000000,100,10000,0.10000000,2,7,3000000,6.925834,6.462917,0.462875,100000,10000000,10000000,10000000,10000,0,240000000,240120000,2,10000,13808986774228246291
aggregate-pushdown,100000,10000000,100,10000,0.10000000,0,7,3000000,7.168959,6.695167,0.473750,100000,10000000,10000000,100000,10000,0,1200000,1320000,2,10000,13808986774228246291
aggregate-pushdown,100000,10000000,100,10000,0.10000000,1,7,3000000,6.877167,6.402792,0.474375,100000,10000000,10000000,100000,10000,0,1200000,1320000,2,10000,13808986774228246291
aggregate-pushdown,100000,10000000,100,10000,0.10000000,2,7,3000000,7.240458,6.730625,0.509833,100000,10000000,10000000,100000,10000,0,1200000,1320000,2,10000,13808986774228246291
bind-join,100000,10000000,100,10000,0.10000000,0,7,3000000,2.488917,2.046667,0.442292,10000,1000000,1000000,10000,10000,40000,120000,280000,2,10000,13808986774228246291
bind-join,100000,10000000,100,10000,0.10000000,1,7,3000000,2.387417,1.949334,0.438083,10000,1000000,1000000,10000,10000,40000,120000,280000,2,10000,13808986774228246291
bind-join,100000,10000000,100,10000,0.10000000,2,7,3000000,2.456000,2.011084,0.444875,10000,1000000,1000000,10000,10000,40000,120000,280000,2,10000,13808986774228246291
fetch-all,100000,10000000,100,25000,0.25000000,0,7,3000000,8.403583,7.159500,1.244000,100000,10000000,10000000,10000000,25000,0,240000000,240300000,2,25000,17253758056148863903
fetch-all,100000,10000000,100,25000,0.25000000,1,7,3000000,7.970875,6.726042,1.244833,100000,10000000,10000000,10000000,25000,0,240000000,240300000,2,25000,17253758056148863903
fetch-all,100000,10000000,100,25000,0.25000000,2,7,3000000,7.818916,6.570625,1.248292,100000,10000000,10000000,10000000,25000,0,240000000,240300000,2,25000,17253758056148863903
aggregate-pushdown,100000,10000000,100,25000,0.25000000,0,7,3000000,8.208000,6.977584,1.230458,100000,10000000,10000000,100000,25000,0,1200000,1500000,2,25000,17253758056148863903
aggregate-pushdown,100000,10000000,100,25000,0.25000000,1,7,3000000,7.791166,6.586125,1.205041,100000,10000000,10000000,100000,25000,0,1200000,1500000,2,25000,17253758056148863903
aggregate-pushdown,100000,10000000,100,25000,0.25000000,2,7,3000000,8.227500,6.996083,1.231333,100000,10000000,10000000,100000,25000,0,1200000,1500000,2,25000,17253758056148863903
bind-join,100000,10000000,100,25000,0.25000000,0,7,3000000,6.907125,5.797833,1.109292,25000,2500000,2500000,25000,25000,100000,300000,700000,2,25000,17253758056148863903
bind-join,100000,10000000,100,25000,0.25000000,1,7,3000000,6.840625,5.762000,1.078625,25000,2500000,2500000,25000,25000,100000,300000,700000,2,25000,17253758056148863903
bind-join,100000,10000000,100,25000,0.25000000,2,7,3000000,6.701625,5.624625,1.077000,25000,2500000,2500000,25000,25000,100000,300000,700000,2,25000,17253758056148863903
fetch-all,100000,10000000,100,30000,0.30000000,0,7,3000000,9.410125,7.914375,1.495708,100000,10000000,10000000,10000000,30000,0,240000000,240360000,2,30000,138459467198387563
fetch-all,100000,10000000,100,30000,0.30000000,1,7,3000000,8.335791,6.840041,1.495834,100000,10000000,10000000,10000000,30000,0,240000000,240360000,2,30000,138459467198387563
fetch-all,100000,10000000,100,30000,0.30000000,2,7,3000000,8.307625,6.784250,1.523333,100000,10000000,10000000,10000000,30000,0,240000000,240360000,2,30000,138459467198387563
aggregate-pushdown,100000,10000000,100,30000,0.30000000,0,7,3000000,8.174959,6.637458,1.537417,100000,10000000,10000000,100000,30000,0,1200000,1560000,2,30000,138459467198387563
aggregate-pushdown,100000,10000000,100,30000,0.30000000,1,7,3000000,8.080250,6.608959,1.471209,100000,10000000,10000000,100000,30000,0,1200000,1560000,2,30000,138459467198387563
aggregate-pushdown,100000,10000000,100,30000,0.30000000,2,7,3000000,8.809708,7.303083,1.506625,100000,10000000,10000000,100000,30000,0,1200000,1560000,2,30000,138459467198387563
bind-join,100000,10000000,100,30000,0.30000000,0,7,3000000,8.743834,7.193833,1.549959,30000,3000000,3000000,30000,30000,120000,360000,840000,2,30000,138459467198387563
bind-join,100000,10000000,100,30000,0.30000000,1,7,3000000,8.494333,7.068542,1.425750,30000,3000000,3000000,30000,30000,120000,360000,840000,2,30000,138459467198387563
bind-join,100000,10000000,100,30000,0.30000000,2,7,3000000,8.876875,7.440959,1.435916,30000,3000000,3000000,30000,30000,120000,360000,840000,2,30000,138459467198387563
fetch-all,100000,10000000,100,35000,0.35000000,0,7,3000000,8.565459,6.809125,1.756375,100000,10000000,10000000,10000000,35000,0,240000000,240420000,2,35000,18049935134905709799
fetch-all,100000,10000000,100,35000,0.35000000,1,7,3000000,18.454250,8.682041,9.772125,100000,10000000,10000000,10000000,35000,0,240000000,240420000,2,35000,18049935134905709799
fetch-all,100000,10000000,100,35000,0.35000000,2,7,3000000,10.995416,8.497958,2.497417,100000,10000000,10000000,10000000,35000,0,240000000,240420000,2,35000,18049935134905709799
aggregate-pushdown,100000,10000000,100,35000,0.35000000,0,7,3000000,10.182167,7.574583,2.607791,100000,10000000,10000000,100000,35000,0,1200000,1620000,2,35000,18049935134905709799
aggregate-pushdown,100000,10000000,100,35000,0.35000000,1,7,3000000,9.432708,7.686000,1.746583,100000,10000000,10000000,100000,35000,0,1200000,1620000,2,35000,18049935134905709799
aggregate-pushdown,100000,10000000,100,35000,0.35000000,2,7,3000000,9.363375,7.695334,1.668125,100000,10000000,10000000,100000,35000,0,1200000,1620000,2,35000,18049935134905709799
bind-join,100000,10000000,100,35000,0.35000000,0,7,3000000,12.619042,10.673209,1.945834,35000,3500000,3500000,35000,35000,140000,420000,980000,2,35000,18049935134905709799
bind-join,100000,10000000,100,35000,0.35000000,1,7,3000000,11.558792,9.773375,1.785375,35000,3500000,3500000,35000,35000,140000,420000,980000,2,35000,18049935134905709799
bind-join,100000,10000000,100,35000,0.35000000,2,7,3000000,12.415750,10.601542,1.814250,35000,3500000,3500000,35000,35000,140000,420000,980000,2,35000,18049935134905709799
fetch-all,100000,10000000,100,50000,0.50000000,0,7,3000000,9.862208,7.140459,2.721917,100000,10000000,10000000,10000000,50000,0,240000000,240600000,2,50000,3994464885379507475
fetch-all,100000,10000000,100,50000,0.50000000,1,7,3000000,9.477708,6.886750,2.590917,100000,10000000,10000000,10000000,50000,0,240000000,240600000,2,50000,3994464885379507475
fetch-all,100000,10000000,100,50000,0.50000000,2,7,3000000,10.186209,7.533375,2.652416,100000,10000000,10000000,10000000,50000,0,240000000,240600000,2,50000,3994464885379507475
aggregate-pushdown,100000,10000000,100,50000,0.50000000,0,7,3000000,10.050666,7.504083,2.546541,100000,10000000,10000000,100000,50000,0,1200000,1800000,2,50000,3994464885379507475
aggregate-pushdown,100000,10000000,100,50000,0.50000000,1,7,3000000,10.048375,7.455292,2.593083,100000,10000000,10000000,100000,50000,0,1200000,1800000,2,50000,3994464885379507475
aggregate-pushdown,100000,10000000,100,50000,0.50000000,2,7,3000000,9.736875,7.305750,2.431083,100000,10000000,10000000,100000,50000,0,1200000,1800000,2,50000,3994464885379507475
bind-join,100000,10000000,100,50000,0.50000000,0,7,3000000,14.148625,11.833000,2.315584,50000,5000000,5000000,50000,50000,200000,600000,1400000,2,50000,3994464885379507475
bind-join,100000,10000000,100,50000,0.50000000,1,7,3000000,14.088875,11.823042,2.265833,50000,5000000,5000000,50000,50000,200000,600000,1400000,2,50000,3994464885379507475
bind-join,100000,10000000,100,50000,0.50000000,2,7,3000000,14.194375,11.919917,2.274458,50000,5000000,5000000,50000,50000,200000,600000,1400000,2,50000,3994464885379507475
fetch-all,100000,10000000,100,75000,0.75000000,0,7,3000000,10.412292,6.709625,3.702792,100000,10000000,10000000,10000000,75000,0,240000000,240900000,2,75000,13791299219565850647
fetch-all,100000,10000000,100,75000,0.75000000,1,7,3000000,10.577834,6.815167,3.762750,100000,10000000,10000000,10000000,75000,0,240000000,240900000,2,75000,13791299219565850647
fetch-all,100000,10000000,100,75000,0.75000000,2,7,3000000,10.437166,6.730708,3.706458,100000,10000000,10000000,10000000,75000,0,240000000,240900000,2,75000,13791299219565850647
aggregate-pushdown,100000,10000000,100,75000,0.75000000,0,7,3000000,10.272417,6.617625,3.654875,100000,10000000,10000000,100000,75000,0,1200000,2100000,2,75000,13791299219565850647
aggregate-pushdown,100000,10000000,100,75000,0.75000000,1,7,3000000,11.214333,7.542208,3.672125,100000,10000000,10000000,100000,75000,0,1200000,2100000,2,75000,13791299219565850647
aggregate-pushdown,100000,10000000,100,75000,0.75000000,2,7,3000000,10.451458,6.794875,3.656958,100000,10000000,10000000,100000,75000,0,1200000,2100000,2,75000,13791299219565850647
bind-join,100000,10000000,100,75000,0.75000000,0,7,3000000,24.765500,20.698000,4.067541,75000,7500000,7500000,75000,75000,300000,900000,2100000,2,75000,13791299219565850647
bind-join,100000,10000000,100,75000,0.75000000,1,7,3000000,30.444833,25.306375,5.138417,75000,7500000,7500000,75000,75000,300000,900000,2100000,2,75000,13791299219565850647
bind-join,100000,10000000,100,75000,0.75000000,2,7,3000000,32.935417,26.760542,6.174834,75000,7500000,7500000,75000,75000,300000,900000,2100000,2,75000,13791299219565850647
fetch-all,100000,10000000,100,100000,1.00000000,0,7,3000000,17.243333,8.017208,9.226083,100000,10000000,10000000,10000000,100000,0,240000000,241200000,2,100000,17440586973807687071
fetch-all,100000,10000000,100,100000,1.00000000,1,7,3000000,12.688125,7.496125,5.192166,100000,10000000,10000000,10000000,100000,0,240000000,241200000,2,100000,17440586973807687071
fetch-all,100000,10000000,100,100000,1.00000000,2,7,3000000,12.209708,6.797042,5.412625,100000,10000000,10000000,10000000,100000,0,240000000,241200000,2,100000,17440586973807687071
aggregate-pushdown,100000,10000000,100,100000,1.00000000,0,7,3000000,13.375958,7.329125,6.046833,100000,10000000,10000000,100000,100000,0,1200000,2400000,2,100000,17440586973807687071
aggregate-pushdown,100000,10000000,100,100000,1.00000000,1,7,3000000,11.986000,6.866000,5.119958,100000,10000000,10000000,100000,100000,0,1200000,2400000,2,100000,17440586973807687071
aggregate-pushdown,100000,10000000,100,100000,1.00000000,2,7,3000000,12.632833,7.248750,5.384125,100000,10000000,10000000,100000,100000,0,1200000,2400000,2,100000,17440586973807687071
bind-join,100000,10000000,100,100000,1.00000000,0,7,3000000,32.604917,27.130334,5.474791,100000,10000000,10000000,100000,100000,400000,1200000,2800000,2,100000,17440586973807687071
bind-join,100000,10000000,100,100000,1.00000000,1,7,3000000,31.757417,26.361334,5.396000,100000,10000000,10000000,100000,100000,400000,1200000,2800000,2,100000,17440586973807687071
bind-join,100000,10000000,100,100000,1.00000000,2,7,3000000,31.042208,25.637167,5.405000,100000,10000000,10000000,100000,100000,400000,1200000,2800000,2,100000,17440586973807687071
