evaluation_index,plan,operator_id,operator_type,operator_location,input_rows,output_rows,bytes_received,bytes_sent,requests,execution_ms
0,CentralFetchAll,live,LiveWindow,live-source,24000,240,19200,0,100,0.000875
0,CentralFetchAll,metadata,MetadataScan,metadata-source,100,1,72,0,1,0.000000
0,CentralFetchAll,history,HistoricalScan,historical-source,1000000,1000000,80000000,0,100,0.000000
0,CentralFetchAll,join,HashJoin,coordinator,241,0,0,0,0,0.000000
1,AggregateAll,live,LiveWindow,live-source,24000,240,19200,0,100,0.000375
1,AggregateAll,metadata,MetadataScan,metadata-source,100,1,72,0,1,0.000042
1,AggregateAll,history,HistoricalAVG,historical-source,1000000,100,4800,0,100,0.000000
1,AggregateAll,join,HashJoin,coordinator,241,0,0,0,0,0.000042
2,LiveFirst,live,LiveWindow,live-source,24000,240,19200,0,100,0.000333
2,LiveFirst,metadata,MetadataScan,metadata-source,100,1,72,0,1,0.000042
2,LiveFirst,history,HistoricalAVG,historical-source,10000,1,48,0,1,0.000042
2,LiveFirst,join,HashJoin,coordinator,241,0,0,0,0,0.000042
3,MetadataFirst,live,LiveWindow,live-source,24000,0,0,0,1,0.001500
3,MetadataFirst,metadata,MetadataScan,metadata-source,100,1,72,0,1,0.000042
3,MetadataFirst,history,HistoricalAVG,historical-source,10000,1,48,0,1,0.000000
3,MetadataFirst,join,BindJoin,coordinator,1,0,0,0,0,0.000042
4,LiveMetadataSemiJoin,live,LiveWindow,live-source,24000,240,19200,0,100,0.000291
4,LiveMetadataSemiJoin,metadata,MetadataScan,metadata-source,100,0,0,40,1,0.000042
4,LiveMetadataSemiJoin,keys,SemiJoin,coordinator,1,0,40,40,1,0.000000
4,LiveMetadataSemiJoin,history,HistoricalAVG,historical-source,0,0,0,0,0,0.000000
4,LiveMetadataSemiJoin,join,SemiJoin,coordinator,1,0,0,0,0,0.000041
5,CentralFetchAll,live,LiveWindow,live-source,24000,240,19200,0,100,0.000625
5,CentralFetchAll,metadata,MetadataScan,metadata-source,100,5,360,0,1,0.000000
5,CentralFetchAll,history,HistoricalScan,historical-source,1000000,1000000,80000000,0,100,0.000000
5,CentralFetchAll,join,HashJoin,coordinator,245,0,0,0,0,0.000000
6,AggregateAll,live,LiveWindow,live-source,24000,240,19200,0,100,0.000417
6,AggregateAll,metadata,MetadataScan,metadata-source,100,5,360,0,1,0.000000
6,AggregateAll,history,HistoricalAVG,historical-source,1000000,100,4800,0,100,0.000000
6,AggregateAll,join,HashJoin,coordinator,245,0,0,0,0,0.000000
7,LiveFirst,live,LiveWindow,live-source,24000,240,19200,0,100,0.000250
7,LiveFirst,metadata,MetadataScan,metadata-source,100,5,360,0,1,0.000000
7,LiveFirst,history,HistoricalAVG,historical-source,10000,1,48,0,1,0.000041
7,LiveFirst,join,HashJoin,coordinator,245,0,0,0,0,0.000042
8,MetadataFirst,live,LiveWindow,live-source,24000,0,0,0,5,0.000250
8,MetadataFirst,metadata,MetadataScan,metadata-source,100,5,360,0,1,0.000042
8,MetadataFirst,history,HistoricalAVG,historical-source,50000,5,240,0,5,0.000000
8,MetadataFirst,join,BindJoin,coordinator,5,0,0,0,0,0.000000
9,LiveMetadataSemiJoin,live,LiveWindow,live-source,24000,240,19200,0,100,0.000208
9,LiveMetadataSemiJoin,metadata,MetadataScan,metadata-source,100,0,0,40,1,0.000000
9,LiveMetadataSemiJoin,keys,SemiJoin,coordinator,1,0,40,40,1,0.000000
9,LiveMetadataSemiJoin,history,HistoricalAVG,historical-source,0,0,0,0,0,0.000000
9,LiveMetadataSemiJoin,join,SemiJoin,coordinator,1,0,0,0,0,0.000000
10,CentralFetchAll,live,LiveWindow,live-source,24000,240,19200,0,100,0.000417
10,CentralFetchAll,metadata,MetadataScan,metadata-source,100,10,720,0,1,0.000000
10,CentralFetchAll,history,HistoricalScan,historical-source,1000000,1000000,80000000,0,100,0.000042
10,CentralFetchAll,join,HashJoin,coordinator,250,0,0,0,0,0.000041
11,AggregateAll,live,LiveWindow,live-source,24000,240,19200,0,100,0.000333
11,AggregateAll,metadata,MetadataScan,metadata-source,100,10,720,0,1,0.000000
11,AggregateAll,history,HistoricalAVG,historical-source,1000000,100,4800,0,100,0.000000
11,AggregateAll,join,HashJoin,coordinator,250,0,0,0,0,0.000000
12,LiveFirst,live,LiveWindow,live-source,24000,240,19200,0,100,0.000292
12,LiveFirst,metadata,MetadataScan,metadata-source,100,10,720,0,1,0.000041
12,LiveFirst,history,HistoricalAVG,historical-source,10000,1,48,0,1,0.000000
12,LiveFirst,join,HashJoin,coordinator,250,0,0,0,0,0.000000
13,MetadataFirst,live,LiveWindow,live-source,24000,0,0,0,10,0.000250
13,MetadataFirst,metadata,MetadataScan,metadata-source,100,10,720,0,1,0.000000
13,MetadataFirst,history,HistoricalAVG,historical-source,100000,10,480,0,10,0.000042
13,MetadataFirst,join,BindJoin,coordinator,10,0,0,0,0,0.000000
14,LiveMetadataSemiJoin,live,LiveWindow,live-source,24000,240,19200,0,100,0.000250
14,LiveMetadataSemiJoin,metadata,MetadataScan,metadata-source,100,0,0,40,1,0.000000
14,LiveMetadataSemiJoin,keys,SemiJoin,coordinator,1,0,40,40,1,0.000000
14,LiveMetadataSemiJoin,history,HistoricalAVG,historical-source,0,0,0,0,0,0.000000
14,LiveMetadataSemiJoin,join,SemiJoin,coordinator,1,0,0,0,0,0.000000
15,CentralFetchAll,live,LiveWindow,live-source,24000,240,19200,0,100,0.000916
15,CentralFetchAll,metadata,MetadataScan,metadata-source,100,25,1800,0,1,0.000000
15,CentralFetchAll,history,HistoricalScan,historical-source,1000000,1000000,80000000,0,100,0.000041
15,CentralFetchAll,join,HashJoin,coordinator,265,0,0,0,0,0.000042
16,AggregateAll,live,LiveWindow,live-source,24000,240,19200,0,100,0.000667
16,AggregateAll,metadata,MetadataScan,metadata-source,100,25,1800,0,1,0.000041
16,AggregateAll,history,HistoricalAVG,historical-source,1000000,100,4800,0,100,0.000000
16,AggregateAll,join,HashJoin,coordinator,265,0,0,0,0,0.000000
17,LiveFirst,live,LiveWindow,live-source,24000,240,19200,0,100,0.000458
17,LiveFirst,metadata,MetadataScan,metadata-source,100,25,1800,0,1,0.000000
17,LiveFirst,history,HistoricalAVG,historical-source,10000,1,48,0,1,0.000000
17,LiveFirst,join,HashJoin,coordinator,265,0,0,0,0,0.000000
18,MetadataFirst,live,LiveWindow,live-source,24000,0,0,0,25,0.000417
18,MetadataFirst,metadata,MetadataScan,metadata-source,100,25,1800,0,1,0.000000
18,MetadataFirst,history,HistoricalAVG,historical-source,250000,25,1200,0,25,0.000000
18,MetadataFirst,join,BindJoin,coordinator,25,0,0,0,0,0.000000
19,LiveMetadataSemiJoin,live,LiveWindow,live-source,24000,240,19200,0,100,0.000333
19,LiveMetadataSemiJoin,metadata,MetadataScan,metadata-source,100,0,0,40,1,0.000000
19,LiveMetadataSemiJoin,keys,SemiJoin,coordinator,1,0,40,40,1,0.000000
19,LiveMetadataSemiJoin,history,HistoricalAVG,historical-source,0,0,0,0,0,0.000000
19,LiveMetadataSemiJoin,join,SemiJoin,coordinator,1,0,0,0,0,0.000000
20,CentralFetchAll,live,LiveWindow,live-source,24000,240,19200,0,100,0.001125
20,CentralFetchAll,metadata,MetadataScan,metadata-source,100,50,3600,0,1,0.000000
20,CentralFetchAll,history,HistoricalScan,historical-source,1000000,1000000,80000000,0,100,0.000000
20,CentralFetchAll,join,HashJoin,coordinator,290,240,0,0,0,0.000000
21,AggregateAll,live,LiveWindow,live-source,24000,240,19200,0,100,0.000792
21,AggregateAll,metadata,MetadataScan,metadata-source,100,50,3600,0,1,0.000000
21,AggregateAll,history,HistoricalAVG,historical-source,1000000,100,4800,0,100,0.000042
21,AggregateAll,join,HashJoin,coordinator,290,240,0,0,0,0.000041
22,LiveFirst,live,LiveWindow,live-source,24000,240,19200,0,100,0.000584
22,LiveFirst,metadata,MetadataScan,metadata-source,100,50,3600,0,1,0.000042
22,LiveFirst,history,HistoricalAVG,historical-source,10000,1,48,0,1,0.000042
22,LiveFirst,join,HashJoin,coordinator,290,240,0,0,0,0.000041
23,MetadataFirst,live,LiveWindow,live-source,24000,240,19200,0,50,0.001625
23,MetadataFirst,metadata,MetadataScan,metadata-source,100,50,3600,0,1,0.000000
23,MetadataFirst,history,HistoricalAVG,historical-source,500000,50,2400,0,50,0.000000
23,MetadataFirst,join,BindJoin,coordinator,290,240,0,0,0,0.000000
24,LiveMetadataSemiJoin,live,LiveWindow,live-source,24000,240,19200,0,100,0.000625
24,LiveMetadataSemiJoin,metadata,MetadataScan,metadata-source,100,1,72,80,1,0.000042
24,LiveMetadataSemiJoin,keys,SemiJoin,coordinator,1,1,80,80,1,0.000041
24,LiveMetadataSemiJoin,history,HistoricalAVG,historical-source,10000,1,48,0,1,0.000042
24,LiveMetadataSemiJoin,join,SemiJoin,coordinator,2,1,0,0,0,0.000042
25,CentralFetchAll,live,LiveWindow,live-source,24000,240,19200,0,100,0.001250
25,CentralFetchAll,metadata,MetadataScan,metadata-source,100,75,5400,0,1,0.000000
25,CentralFetchAll,history,HistoricalScan,historical-source,1000000,1000000,80000000,0,100,0.000042
25,CentralFetchAll,join,HashJoin,coordinator,315,240,0,0,0,0.000042
26,AggregateAll,live,LiveWindow,live-source,24000,240,19200,0,100,0.001792
26,AggregateAll,metadata,MetadataScan,metadata-source,100,75,5400,0,1,0.000041
26,AggregateAll,history,HistoricalAVG,historical-source,1000000,100,4800,0,100,0.000042
26,AggregateAll,join,HashJoin,coordinator,315,240,0,0,0,0.000042
27,LiveFirst,live,LiveWindow,live-source,24000,240,19200,0,100,0.000750
27,LiveFirst,metadata,MetadataScan,metadata-source,100,75,5400,0,1,0.000000
27,LiveFirst,history,HistoricalAVG,historical-source,10000,1,48,0,1,0.000000
27,LiveFirst,join,HashJoin,coordinator,315,240,0,0,0,0.000000
28,MetadataFirst,live,LiveWindow,live-source,24000,240,19200,0,75,0.000667
28,MetadataFirst,metadata,MetadataScan,metadata-source,100,75,5400,0,1,0.000042
28,MetadataFirst,history,HistoricalAVG,historical-source,750000,75,3600,0,75,0.000000
28,MetadataFirst,join,BindJoin,coordinator,315,240,0,0,0,0.000000
29,LiveMetadataSemiJoin,live,LiveWindow,live-source,24000,240,19200,0,100,0.000666
29,LiveMetadataSemiJoin,metadata,MetadataScan,metadata-source,100,1,72,80,1,0.000000
29,LiveMetadataSemiJoin,keys,SemiJoin,coordinator,1,1,80,80,1,0.000000
29,LiveMetadataSemiJoin,history,HistoricalAVG,historical-source,10000,1,48,0,1,0.000000
29,LiveMetadataSemiJoin,join,SemiJoin,coordinator,2,1,0,0,0,0.000000
30,CentralFetchAll,live,LiveWindow,live-source,24000,240,19200,0,100,0.000916
30,CentralFetchAll,metadata,MetadataScan,metadata-source,100,100,7200,0,1,0.000042
30,CentralFetchAll,history,HistoricalScan,historical-source,1000000,1000000,80000000,0,100,0.000041
30,CentralFetchAll,join,HashJoin,coordinator,340,240,0,0,0,0.000042
31,AggregateAll,live,LiveWindow,live-source,24000,240,19200,0,100,0.001625
31,AggregateAll,metadata,MetadataScan,metadata-source,100,100,7200,0,1,0.000042
31,AggregateAll,history,HistoricalAVG,historical-source,1000000,100,4800,0,100,0.000000
31,AggregateAll,join,HashJoin,coordinator,340,240,0,0,0,0.000000
32,LiveFirst,live,LiveWindow,live-source,24000,240,19200,0,100,0.000791
32,LiveFirst,metadata,MetadataScan,metadata-source,100,100,7200,0,1,0.000042
32,LiveFirst,history,HistoricalAVG,historical-source,10000,1,48,0,1,0.000000
32,LiveFirst,join,HashJoin,coordinator,340,240,0,0,0,0.000000
33,MetadataFirst,live,LiveWindow,live-source,24000,240,19200,0,100,0.000750
33,MetadataFirst,metadata,MetadataScan,metadata-source,100,100,7200,0,1,0.000000
33,MetadataFirst,history,HistoricalAVG,historical-source,1000000,100,4800,0,100,0.000000
33,MetadataFirst,join,BindJoin,coordinator,340,240,0,0,0,0.000000
34,LiveMetadataSemiJoin,live,LiveWindow,live-source,24000,240,19200,0,100,0.000709
34,LiveMetadataSemiJoin,metadata,MetadataScan,metadata-source,100,1,72,80,1,0.000000
34,LiveMetadataSemiJoin,keys,SemiJoin,coordinator,1,1,80,80,1,0.000000
34,LiveMetadataSemiJoin,history,HistoricalAVG,historical-source,10000,1,48,0,1,0.000000
34,LiveMetadataSemiJoin,join,SemiJoin,coordinator,2,1,0,0,0,0.000041
35,CentralFetchAll,live,LiveWindow,live-source,24000,1200,96000,0,100,0.000500
35,CentralFetchAll,metadata,MetadataScan,metadata-source,100,1,72,0,1,0.000042
35,CentralFetchAll,history,HistoricalScan,historical-source,1000000,1000000,80000000,0,100,0.000000
35,CentralFetchAll,join,HashJoin,coordinator,1201,0,0,0,0,0.000042
36,AggregateAll,live,LiveWindow,live-source,24000,1200,96000,0,100,0.000334
36,AggregateAll,metadata,MetadataScan,metadata-source,100,1,72,0,1,0.000000
36,AggregateAll,history,HistoricalAVG,historical-source,1000000,100,4800,0,100,0.000000
36,AggregateAll,join,HashJoin,coordinator,1201,0,0,0,0,0.000000
37,LiveFirst,live,LiveWindow,live-source,24000,1200,96000,0,100,0.000208
37,LiveFirst,metadata,MetadataScan,metadata-source,100,1,72,0,1,0.000000
37,LiveFirst,history,HistoricalAVG,historical-source,50000,5,240,0,5,0.000042
37,LiveFirst,join,HashJoin,coordinator,1201,0,0,0,0,0.000042
38,MetadataFirst,live,LiveWindow,live-source,24000,0,0,0,1,0.000209
38,MetadataFirst,metadata,MetadataScan,metadata-source,100,1,72,0,1,0.000000
38,MetadataFirst,history,HistoricalAVG,historical-source,10000,1,48,0,1,0.000042
38,MetadataFirst,join,BindJoin,coordinator,1,0,0,0,0,0.000041
39,LiveMetadataSemiJoin,live,LiveWindow,live-source,24000,1200,96000,0,100,0.000250
39,LiveMetadataSemiJoin,metadata,MetadataScan,metadata-source,100,0,0,200,1,0.000042
39,LiveMetadataSemiJoin,keys,SemiJoin,coordinator,5,0,200,200,1,0.000041
39,LiveMetadataSemiJoin,history,HistoricalAVG,historical-source,0,0,0,0,0,0.000042
39,LiveMetadataSemiJoin,join,SemiJoin,coordinator,5,0,0,0,0,0.000042
40,CentralFetchAll,live,LiveWindow,live-source,24000,1200,96000,0,100,0.000459
40,CentralFetchAll,metadata,MetadataScan,metadata-source,100,5,360,0,1,0.000000
40,CentralFetchAll,history,HistoricalScan,historical-source,1000000,1000000,80000000,0,100,0.000000
40,CentralFetchAll,join,HashJoin,coordinator,1205,0,0,0,0,0.000000
41,AggregateAll,live,LiveWindow,live-source,24000,1200,96000,0,100,0.000333
41,AggregateAll,metadata,MetadataScan,metadata-source,100,5,360,0,1,0.000000
41,AggregateAll,history,HistoricalAVG,historical-source,1000000,100,4800,0,100,0.000041
41,AggregateAll,join,HashJoin,coordinator,1205,0,0,0,0,0.000042
42,LiveFirst,live,LiveWindow,live-source,24000,1200,96000,0,100,0.000292
42,LiveFirst,metadata,MetadataScan,metadata-source,100,5,360,0,1,0.000000
42,LiveFirst,history,HistoricalAVG,historical-source,50000,5,240,0,5,0.000000
42,LiveFirst,join,HashJoin,coordinator,1205,0,0,0,0,0.000000
43,MetadataFirst,live,LiveWindow,live-source,24000,0,0,0,5,0.000292
43,MetadataFirst,metadata,MetadataScan,metadata-source,100,5,360,0,1,0.000041
43,MetadataFirst,history,HistoricalAVG,historical-source,50000,5,240,0,5,0.000000
43,MetadataFirst,join,BindJoin,coordinator,5,0,0,0,0,0.000000
44,LiveMetadataSemiJoin,live,LiveWindow,live-source,24000,1200,96000,0,100,0.000292
44,LiveMetadataSemiJoin,metadata,MetadataScan,metadata-source,100,0,0,200,1,0.000042
44,LiveMetadataSemiJoin,keys,SemiJoin,coordinator,5,0,200,200,1,0.000041
44,LiveMetadataSemiJoin,history,HistoricalAVG,historical-source,0,0,0,0,0,0.000042
44,LiveMetadataSemiJoin,join,SemiJoin,coordinator,5,0,0,0,0,0.000042
45,CentralFetchAll,live,LiveWindow,live-source,24000,1200,96000,0,100,0.000458
45,CentralFetchAll,metadata,MetadataScan,metadata-source,100,10,720,0,1,0.000000
45,CentralFetchAll,history,HistoricalScan,historical-source,1000000,1000000,80000000,0,100,0.000042
45,CentralFetchAll,join,HashJoin,coordinator,1210,0,0,0,0,0.000000
46,AggregateAll,live,LiveWindow,live-source,24000,1200,96000,0,100,0.000333
46,AggregateAll,metadata,MetadataScan,metadata-source,100,10,720,0,1,0.000042
46,AggregateAll,history,HistoricalAVG,historical-source,1000000,100,4800,0,100,0.000041
46,AggregateAll,join,HashJoin,coordinator,1210,0,0,0,0,0.000042
47,LiveFirst,live,LiveWindow,live-source,24000,1200,96000,0,100,0.000333
47,LiveFirst,metadata,MetadataScan,metadata-source,100,10,720,0,1,0.000000
47,LiveFirst,history,HistoricalAVG,historical-source,50000,5,240,0,5,0.000000
47,LiveFirst,join,HashJoin,coordinator,1210,0,0,0,0,0.000000
48,MetadataFirst,live,LiveWindow,live-source,24000,0,0,0,10,0.000334
48,MetadataFirst,metadata,MetadataScan,metadata-source,100,10,720,0,1,0.000000
48,MetadataFirst,history,HistoricalAVG,historical-source,100000,10,480,0,10,0.000042
48,MetadataFirst,join,BindJoin,coordinator,10,0,0,0,0,0.000000
49,LiveMetadataSemiJoin,live,LiveWindow,live-source,24000,1200,96000,0,100,0.000292
49,LiveMetadataSemiJoin,metadata,MetadataScan,metadata-source,100,0,0,200,1,0.000000
49,LiveMetadataSemiJoin,keys,SemiJoin,coordinator,5,0,200,200,1,0.000000
49,LiveMetadataSemiJoin,history,HistoricalAVG,historical-source,0,0,0,0,0,0.000000
49,LiveMetadataSemiJoin,join,SemiJoin,coordinator,5,0,0,0,0,0.000000
50,CentralFetchAll,live,LiveWindow,live-source,24000,1200,96000,0,100,0.000791
50,CentralFetchAll,metadata,MetadataScan,metadata-source,100,25,1800,0,1,0.000000
50,CentralFetchAll,history,HistoricalScan,historical-source,1000000,1000000,80000000,0,100,0.000000
50,CentralFetchAll,join,HashJoin,coordinator,1225,0,0,0,0,0.000000
51,AggregateAll,live,LiveWindow,live-source,24000,1200,96000,0,100,0.000542
51,AggregateAll,metadata,MetadataScan,metadata-source,100,25,1800,0,1,0.000000
51,AggregateAll,history,HistoricalAVG,historical-source,1000000,100,4800,0,100,0.000000
51,AggregateAll,join,HashJoin,coordinator,1225,0,0,0,0,0.000000
52,LiveFirst,live,LiveWindow,live-source,24000,1200,96000,0,100,0.000500
52,LiveFirst,metadata,MetadataScan,metadata-source,100,25,1800,0,1,0.000000
52,LiveFirst,history,HistoricalAVG,historical-source,50000,5,240,0,5,0.000041
52,LiveFirst,join,HashJoin,coordinator,1225,0,0,0,0,0.000042
53,MetadataFirst,live,LiveWindow,live-source,24000,0,0,0,25,0.000500
53,MetadataFirst,metadata,MetadataScan,metadata-source,100,25,1800,0,1,0.000042
53,MetadataFirst,history,HistoricalAVG,historical-source,250000,25,1200,0,25,0.000000
53,MetadataFirst,join,BindJoin,coordinator,25,0,0,0,0,0.000000
54,LiveMetadataSemiJoin,live,LiveWindow,live-source,24000,1200,96000,0,100,0.000458
54,LiveMetadataSemiJoin,metadata,MetadataScan,metadata-source,100,0,0,200,1,0.000041
54,LiveMetadataSemiJoin,keys,SemiJoin,coordinator,5,0,200,200,1,0.000042
54,LiveMetadataSemiJoin,history,HistoricalAVG,historical-source,0,0,0,0,0,0.000042
54,LiveMetadataSemiJoin,join,SemiJoin,coordinator,5,0,0,0,0,0.000000
55,CentralFetchAll,live,LiveWindow,live-source,24000,1200,96000,0,100,0.001250
55,CentralFetchAll,metadata,MetadataScan,metadata-source,100,50,3600,0,1,0.000042
55,CentralFetchAll,history,HistoricalScan,historical-source,1000000,1000000,80000000,0,100,0.000000
55,CentralFetchAll,join,HashJoin,coordinator,1250,1200,0,0,0,0.000000
56,AggregateAll,live,LiveWindow,live-source,24000,1200,96000,0,100,0.000750
56,AggregateAll,metadata,MetadataScan,metadata-source,100,50,3600,0,1,0.000000
56,AggregateAll,history,HistoricalAVG,historical-source,1000000,100,4800,0,100,0.000041
56,AggregateAll,join,HashJoin,coordinator,1250,1200,0,0,0,0.000042
57,LiveFirst,live,LiveWindow,live-source,24000,1200,96000,0,100,0.000750
57,LiveFirst,metadata,MetadataScan,metadata-source,100,50,3600,0,1,0.000000
57,LiveFirst,history,HistoricalAVG,historical-source,50000,5,240,0,5,0.000000
57,LiveFirst,join,HashJoin,coordinator,1250,1200,0,0,0,0.000000
58,MetadataFirst,live,LiveWindow,live-source,24000,1200,96000,0,50,0.000708
58,MetadataFirst,metadata,MetadataScan,metadata-source,100,50,3600,0,1,0.000042
58,MetadataFirst,history,HistoricalAVG,historical-source,500000,50,2400,0,50,0.000000
58,MetadataFirst,join,BindJoin,coordinator,1250,1200,0,0,0,0.000000
59,LiveMetadataSemiJoin,live,LiveWindow,live-source,24000,1200,96000,0,100,0.000709
59,LiveMetadataSemiJoin,metadata,MetadataScan,metadata-source,100,5,360,400,1,0.000042
59,LiveMetadataSemiJoin,keys,SemiJoin,coordinator,5,5,400,400,1,0.000042
59,LiveMetadataSemiJoin,history,HistoricalAVG,historical-source,50000,5,240,0,5,0.000041
59,LiveMetadataSemiJoin,join,SemiJoin,coordinator,10,5,0,0,0,0.000042
60,CentralFetchAll,live,LiveWindow,live-source,24000,1200,96000,0,100,0.001208
60,CentralFetchAll,metadata,MetadataScan,metadata-source,100,75,5400,0,1,0.000000
60,CentralFetchAll,history,HistoricalScan,historical-source,1000000,1000000,80000000,0,100,0.000000
60,CentralFetchAll,join,HashJoin,coordinator,1275,1200,0,0,0,0.000000
61,AggregateAll,live,LiveWindow,live-source,24000,1200,96000,0,100,0.002542
61,AggregateAll,metadata,MetadataScan,metadata-source,100,75,5400,0,1,0.000042
61,AggregateAll,history,HistoricalAVG,historical-source,1000000,100,4800,0,100,0.000042
61,AggregateAll,join,HashJoin,coordinator,1275,1200,0,0,0,0.000042
62,LiveFirst,live,LiveWindow,live-source,24000,1200,96000,0,100,0.002417
62,LiveFirst,metadata,MetadataScan,metadata-source,100,75,5400,0,1,0.000042
62,LiveFirst,history,HistoricalAVG,historical-source,50000,5,240,0,5,0.000042
62,LiveFirst,join,HashJoin,coordinator,1275,1200,0,0,0,0.000042
63,MetadataFirst,live,LiveWindow,live-source,24000,1200,96000,0,75,0.002334
63,MetadataFirst,metadata,MetadataScan,metadata-source,100,75,5400,0,1,0.000083
63,MetadataFirst,history,HistoricalAVG,historical-source,750000,75,3600,0,75,0.000041
63,MetadataFirst,join,BindJoin,coordinator,1275,1200,0,0,0,0.000041
64,LiveMetadataSemiJoin,live,LiveWindow,live-source,24000,1200,96000,0,100,0.002458
64,LiveMetadataSemiJoin,metadata,MetadataScan,metadata-source,100,5,360,400,1,0.000042
64,LiveMetadataSemiJoin,keys,SemiJoin,coordinator,5,5,400,400,1,0.000042
64,LiveMetadataSemiJoin,history,HistoricalAVG,historical-source,50000,5,240,0,5,0.000041
64,LiveMetadataSemiJoin,join,SemiJoin,coordinator,10,5,0,0,0,0.000042
65,CentralFetchAll,live,LiveWindow,live-source,24000,1200,96000,0,100,0.002708
65,CentralFetchAll,metadata,MetadataScan,metadata-source,100,100,7200,0,1,0.000042
65,CentralFetchAll,history,HistoricalScan,historical-source,1000000,1000000,80000000,0,100,0.000042
65,CentralFetchAll,join,HashJoin,coordinator,1300,1200,0,0,0,0.000042
66,AggregateAll,live,LiveWindow,live-source,24000,1200,96000,0,100,0.002334
66,AggregateAll,metadata,MetadataScan,metadata-source,100,100,7200,0,1,0.000042
66,AggregateAll,history,HistoricalAVG,historical-source,1000000,100,4800,0,100,0.000041
66,AggregateAll,join,HashJoin,coordinator,1300,1200,0,0,0,0.000042
67,LiveFirst,live,LiveWindow,live-source,24000,1200,96000,0,100,0.002167
67,LiveFirst,metadata,MetadataScan,metadata-source,100,100,7200,0,1,0.000042
67,LiveFirst,history,HistoricalAVG,historical-source,50000,5,240,0,5,0.000042
67,LiveFirst,join,HashJoin,coordinator,1300,1200,0,0,0,0.000042
68,MetadataFirst,live,LiveWindow,live-source,24000,1200,96000,0,100,0.002083
68,MetadataFirst,metadata,MetadataScan,metadata-source,100,100,7200,0,1,0.000042
68,MetadataFirst,history,HistoricalAVG,historical-source,1000000,100,4800,0,100,0.000041
68,MetadataFirst,join,BindJoin,coordinator,1300,1200,0,0,0,0.000042
69,LiveMetadataSemiJoin,live,LiveWindow,live-source,24000,1200,96000,0,100,0.002084
69,LiveMetadataSemiJoin,metadata,MetadataScan,metadata-source,100,5,360,400,1,0.000042
69,LiveMetadataSemiJoin,keys,SemiJoin,coordinator,5,5,400,400,1,0.000042
69,LiveMetadataSemiJoin,history,HistoricalAVG,historical-source,50000,5,240,0,5,0.000042
69,LiveMetadataSemiJoin,join,SemiJoin,coordinator,10,5,0,0,0,0.000042
70,CentralFetchAll,live,LiveWindow,live-source,24000,2400,192000,0,100,0.001250
70,CentralFetchAll,metadata,MetadataScan,metadata-source,100,1,72,0,1,0.000042
70,CentralFetchAll,history,HistoricalScan,historical-source,1000000,1000000,80000000,0,100,0.000042
70,CentralFetchAll,join,HashJoin,coordinator,2401,0,0,0,0,0.000042
71,AggregateAll,live,LiveWindow,live-source,24000,2400,192000,0,100,0.000834
71,AggregateAll,metadata,MetadataScan,metadata-source,100,1,72,0,1,0.000041
71,AggregateAll,history,HistoricalAVG,historical-source,1000000,100,4800,0,100,0.000042
71,AggregateAll,join,HashJoin,coordinator,2401,0,0,0,0,0.000041
72,LiveFirst,live,LiveWindow,live-source,24000,2400,192000,0,100,0.000708
72,LiveFirst,metadata,MetadataScan,metadata-source,100,1,72,0,1,0.000041
72,LiveFirst,history,HistoricalAVG,historical-source,100000,10,480,0,10,0.000042
72,LiveFirst,join,HashJoin,coordinator,2401,0,0,0,0,0.000041
73,MetadataFirst,live,LiveWindow,live-source,24000,0,0,0,1,0.000791
73,MetadataFirst,metadata,MetadataScan,metadata-source,100,1,72,0,1,0.000041
73,MetadataFirst,history,HistoricalAVG,historical-source,10000,1,48,0,1,0.000041
73,MetadataFirst,join,BindJoin,coordinator,1,0,0,0,0,0.000041
74,LiveMetadataSemiJoin,live,LiveWindow,live-source,24000,2400,192000,0,100,0.000750
74,LiveMetadataSemiJoin,metadata,MetadataScan,metadata-source,100,0,0,400,1,0.000042
74,LiveMetadataSemiJoin,keys,SemiJoin,coordinator,10,0,400,400,1,0.000042
74,LiveMetadataSemiJoin,history,HistoricalAVG,historical-source,0,0,0,0,0,0.000042
74,LiveMetadataSemiJoin,join,SemiJoin,coordinator,10,0,0,0,0,0.000041
75,CentralFetchAll,live,LiveWindow,live-source,24000,2400,192000,0,100,0.001083
75,CentralFetchAll,metadata,MetadataScan,metadata-source,100,5,360,0,1,0.000041
75,CentralFetchAll,history,HistoricalScan,historical-source,1000000,1000000,80000000,0,100,0.000042
75,CentralFetchAll,join,HashJoin,coordinator,2405,0,0,0,0,0.000041
76,AggregateAll,live,LiveWindow,live-source,24000,2400,192000,0,100,0.000958
76,AggregateAll,metadata,MetadataScan,metadata-source,100,5,360,0,1,0.000041
76,AggregateAll,history,HistoricalAVG,historical-source,1000000,100,4800,0,100,0.000000
76,AggregateAll,join,HashJoin,coordinator,2405,0,0,0,0,0.000041
77,LiveFirst,live,LiveWindow,live-source,24000,2400,192000,0,100,0.000875
77,LiveFirst,metadata,MetadataScan,metadata-source,100,5,360,0,1,0.000041
77,LiveFirst,history,HistoricalAVG,historical-source,100000,10,480,0,10,0.000042
77,LiveFirst,join,HashJoin,coordinator,2405,0,0,0,0,0.000041
78,MetadataFirst,live,LiveWindow,live-source,24000,0,0,0,5,0.000958
78,MetadataFirst,metadata,MetadataScan,metadata-source,100,5,360,0,1,0.000041
78,MetadataFirst,history,HistoricalAVG,historical-source,50000,5,240,0,5,0.000041
78,MetadataFirst,join,BindJoin,coordinator,5,0,0,0,0,0.000041
79,LiveMetadataSemiJoin,live,LiveWindow,live-source,24000,2400,192000,0,100,0.000875
79,LiveMetadataSemiJoin,metadata,MetadataScan,metadata-source,100,0,0,400,1,0.000042
79,LiveMetadataSemiJoin,keys,SemiJoin,coordinator,10,0,400,400,1,0.000042
79,LiveMetadataSemiJoin,history,HistoricalAVG,historical-source,0,0,0,0,0,0.000041
79,LiveMetadataSemiJoin,join,SemiJoin,coordinator,10,0,0,0,0,0.000041
80,CentralFetchAll,live,LiveWindow,live-source,24000,2400,192000,0,100,0.001208
80,CentralFetchAll,metadata,MetadataScan,metadata-source,100,10,720,0,1,0.000042
80,CentralFetchAll,history,HistoricalScan,historical-source,1000000,1000000,80000000,0,100,0.000042
80,CentralFetchAll,join,HashJoin,coordinator,2410,0,0,0,0,0.000042
81,AggregateAll,live,LiveWindow,live-source,24000,2400,192000,0,100,0.001041
81,AggregateAll,metadata,MetadataScan,metadata-source,100,10,720,0,1,0.000041
81,AggregateAll,history,HistoricalAVG,historical-source,1000000,100,4800,0,100,0.000042
81,AggregateAll,join,HashJoin,coordinator,2410,0,0,0,0,0.000041
82,LiveFirst,live,LiveWindow,live-source,24000,2400,192000,0,100,0.001125
82,LiveFirst,metadata,MetadataScan,metadata-source,100,10,720,0,1,0.000042
82,LiveFirst,history,HistoricalAVG,historical-source,100000,10,480,0,10,0.000041
82,LiveFirst,join,HashJoin,coordinator,2410,0,0,0,0,0.000042
83,MetadataFirst,live,LiveWindow,live-source,24000,0,0,0,10,0.001042
83,MetadataFirst,metadata,MetadataScan,metadata-source,100,10,720,0,1,0.000042
83,MetadataFirst,history,HistoricalAVG,historical-source,100000,10,480,0,10,0.000042
83,MetadataFirst,join,BindJoin,coordinator,10,0,0,0,0,0.000042
84,LiveMetadataSemiJoin,live,LiveWindow,live-source,24000,2400,192000,0,100,0.001084
84,LiveMetadataSemiJoin,metadata,MetadataScan,metadata-source,100,0,0,400,1,0.000042
84,LiveMetadataSemiJoin,keys,SemiJoin,coordinator,10,0,400,400,1,0.000042
84,LiveMetadataSemiJoin,history,HistoricalAVG,historical-source,0,0,0,0,0,0.000042
84,LiveMetadataSemiJoin,join,SemiJoin,coordinator,10,0,0,0,0,0.000042
85,CentralFetchAll,live,LiveWindow,live-source,24000,2400,192000,0,100,0.001667
85,CentralFetchAll,metadata,MetadataScan,metadata-source,100,25,1800,0,1,0.000042
85,CentralFetchAll,history,HistoricalScan,historical-source,1000000,1000000,80000000,0,100,0.000042
85,CentralFetchAll,join,HashJoin,coordinator,2425,0,0,0,0,0.000042
86,AggregateAll,live,LiveWindow,live-source,24000,2400,192000,0,100,0.001708
86,AggregateAll,metadata,MetadataScan,metadata-source,100,25,1800,0,1,0.000041
86,AggregateAll,history,HistoricalAVG,historical-source,1000000,100,4800,0,100,0.000042
86,AggregateAll,join,HashJoin,coordinator,2425,0,0,0,0,0.000041
87,LiveFirst,live,LiveWindow,live-source,24000,2400,192000,0,100,0.001458
87,LiveFirst,metadata,MetadataScan,metadata-source,100,25,1800,0,1,0.000042
87,LiveFirst,history,HistoricalAVG,historical-source,100000,10,480,0,10,0.000042
87,LiveFirst,join,HashJoin,coordinator,2425,0,0,0,0,0.000042
88,MetadataFirst,live,LiveWindow,live-source,24000,0,0,0,25,0.001375
88,MetadataFirst,metadata,MetadataScan,metadata-source,100,25,1800,0,1,0.000041
88,MetadataFirst,history,HistoricalAVG,historical-source,250000,25,1200,0,25,0.000042
88,MetadataFirst,join,BindJoin,coordinator,25,0,0,0,0,0.000041
89,LiveMetadataSemiJoin,live,LiveWindow,live-source,24000,2400,192000,0,100,0.001375
89,LiveMetadataSemiJoin,metadata,MetadataScan,metadata-source,100,0,0,400,1,0.000042
89,LiveMetadataSemiJoin,keys,SemiJoin,coordinator,10,0,400,400,1,0.000042
89,LiveMetadataSemiJoin,history,HistoricalAVG,historical-source,0,0,0,0,0,0.000041
89,LiveMetadataSemiJoin,join,SemiJoin,coordinator,10,0,0,0,0,0.000041
90,CentralFetchAll,live,LiveWindow,live-source,24000,2400,192000,0,100,0.002792
90,CentralFetchAll,metadata,MetadataScan,metadata-source,100,50,3600,0,1,0.000042
90,CentralFetchAll,history,HistoricalScan,historical-source,1000000,1000000,80000000,0,100,0.000041
90,CentralFetchAll,join,HashJoin,coordinator,2450,1920,0,0,0,0.000042
91,AggregateAll,live,LiveWindow,live-source,24000,2400,192000,0,100,0.002250
91,AggregateAll,metadata,MetadataScan,metadata-source,100,50,3600,0,1,0.000041
91,AggregateAll,history,HistoricalAVG,historical-source,1000000,100,4800,0,100,0.000042
91,AggregateAll,join,HashJoin,coordinator,2450,1920,0,0,0,0.000041
92,LiveFirst,live,LiveWindow,live-source,24000,2400,192000,0,100,0.002125
92,LiveFirst,metadata,MetadataScan,metadata-source,100,50,3600,0,1,0.000041
92,LiveFirst,history,HistoricalAVG,historical-source,100000,10,480,0,10,0.000042
92,LiveFirst,join,HashJoin,coordinator,2450,1920,0,0,0,0.000041
93,MetadataFirst,live,LiveWindow,live-source,24000,1920,153600,0,50,0.002208
93,MetadataFirst,metadata,MetadataScan,metadata-source,100,50,3600,0,1,0.000042
93,MetadataFirst,history,HistoricalAVG,historical-source,500000,50,2400,0,50,0.000042
93,MetadataFirst,join,BindJoin,coordinator,1970,1920,0,0,0,0.000042
94,LiveMetadataSemiJoin,live,LiveWindow,live-source,24000,2400,192000,0,100,0.002209
94,LiveMetadataSemiJoin,metadata,MetadataScan,metadata-source,100,8,576,720,1,0.000042
94,LiveMetadataSemiJoin,keys,SemiJoin,coordinator,10,8,720,720,1,0.000042
94,LiveMetadataSemiJoin,history,HistoricalAVG,historical-source,80000,8,384,0,8,0.000042
94,LiveMetadataSemiJoin,join,SemiJoin,coordinator,18,8,0,0,0,0.000042
95,CentralFetchAll,live,LiveWindow,live-source,24000,2400,192000,0,100,0.002792
95,CentralFetchAll,metadata,MetadataScan,metadata-source,100,75,5400,0,1,0.000042
95,CentralFetchAll,history,HistoricalScan,historical-source,1000000,1000000,80000000,0,100,0.000042
95,CentralFetchAll,join,HashJoin,coordinator,2475,2400,0,0,0,0.000042
96,AggregateAll,live,LiveWindow,live-source,24000,2400,192000,0,100,0.002500
96,AggregateAll,metadata,MetadataScan,metadata-source,100,75,5400,0,1,0.000042
96,AggregateAll,history,HistoricalAVG,historical-source,1000000,100,4800,0,100,0.000042
96,AggregateAll,join,HashJoin,coordinator,2475,2400,0,0,0,0.000041
97,LiveFirst,live,LiveWindow,live-source,24000,2400,192000,0,100,0.002333
97,LiveFirst,metadata,MetadataScan,metadata-source,100,75,5400,0,1,0.000042
97,LiveFirst,history,HistoricalAVG,historical-source,100000,10,480,0,10,0.000042
97,LiveFirst,join,HashJoin,coordinator,2475,2400,0,0,0,0.000000
98,MetadataFirst,live,LiveWindow,live-source,24000,2400,192000,0,75,0.002250
98,MetadataFirst,metadata,MetadataScan,metadata-source,100,75,5400,0,1,0.000042
98,MetadataFirst,history,HistoricalAVG,historical-source,750000,75,3600,0,75,0.000042
98,MetadataFirst,join,BindJoin,coordinator,2475,2400,0,0,0,0.000041
99,LiveMetadataSemiJoin,live,LiveWindow,live-source,24000,2400,192000,0,100,0.002250
99,LiveMetadataSemiJoin,metadata,MetadataScan,metadata-source,100,10,720,800,1,0.000042
99,LiveMetadataSemiJoin,keys,SemiJoin,coordinator,10,10,800,800,1,0.000042
99,LiveMetadataSemiJoin,history,HistoricalAVG,historical-source,100000,10,480,0,10,0.000041
99,LiveMetadataSemiJoin,join,SemiJoin,coordinator,20,10,0,0,0,0.000041
100,CentralFetchAll,live,LiveWindow,live-source,24000,2400,192000,0,100,0.003084
100,CentralFetchAll,metadata,MetadataScan,metadata-source,100,100,7200,0,1,0.000042
100,CentralFetchAll,history,HistoricalScan,historical-source,1000000,1000000,80000000,0,100,0.000042
100,CentralFetchAll,join,HashJoin,coordinator,2500,2400,0,0,0,0.000042
101,AggregateAll,live,LiveWindow,live-source,24000,2400,192000,0,100,0.002583
101,AggregateAll,metadata,MetadataScan,metadata-source,100,100,7200,0,1,0.000042
101,AggregateAll,history,HistoricalAVG,historical-source,1000000,100,4800,0,100,0.000042
101,AggregateAll,join,HashJoin,coordinator,2500,2400,0,0,0,0.000041
102,LiveFirst,live,LiveWindow,live-source,24000,2400,192000,0,100,0.002500
102,LiveFirst,metadata,MetadataScan,metadata-source,100,100,7200,0,1,0.000042
102,LiveFirst,history,HistoricalAVG,historical-source,100000,10,480,0,10,0.000042
102,LiveFirst,join,HashJoin,coordinator,2500,2400,0,0,0,0.000042
103,MetadataFirst,live,LiveWindow,live-source,24000,2400,192000,0,100,0.002458
103,MetadataFirst,metadata,MetadataScan,metadata-source,100,100,7200,0,1,0.000000
103,MetadataFirst,history,HistoricalAVG,historical-source,1000000,100,4800,0,100,0.000000
103,MetadataFirst,join,BindJoin,coordinator,2500,2400,0,0,0,0.000041
104,LiveMetadataSemiJoin,live,LiveWindow,live-source,24000,2400,192000,0,100,0.002291
104,LiveMetadataSemiJoin,metadata,MetadataScan,metadata-source,100,10,720,800,1,0.000000
104,LiveMetadataSemiJoin,keys,SemiJoin,coordinator,10,10,800,800,1,0.000042
104,LiveMetadataSemiJoin,history,HistoricalAVG,historical-source,100000,10,480,0,10,0.000042
104,LiveMetadataSemiJoin,join,SemiJoin,coordinator,20,10,0,0,0,0.000042
105,CentralFetchAll,live,LiveWindow,live-source,24000,6000,480000,0,100,0.001541
105,CentralFetchAll,metadata,MetadataScan,metadata-source,100,1,72,0,1,0.000041
105,CentralFetchAll,history,HistoricalScan,historical-source,1000000,1000000,80000000,0,100,0.000041
105,CentralFetchAll,join,HashJoin,coordinator,6001,0,0,0,0,0.000042
106,AggregateAll,live,LiveWindow,live-source,24000,6000,480000,0,100,0.000958
106,AggregateAll,metadata,MetadataScan,metadata-source,100,1,72,0,1,0.000042
106,AggregateAll,history,HistoricalAVG,historical-source,1000000,100,4800,0,100,0.000042
106,AggregateAll,join,HashJoin,coordinator,6001,0,0,0,0,0.000041
107,LiveFirst,live,LiveWindow,live-source,24000,6000,480000,0,100,0.000917
107,LiveFirst,metadata,MetadataScan,metadata-source,100,1,72,0,1,0.000042
107,LiveFirst,history,HistoricalAVG,historical-source,250000,25,1200,0,25,0.000042
107,LiveFirst,join,HashJoin,coordinator,6001,0,0,0,0,0.000000
108,MetadataFirst,live,LiveWindow,live-source,24000,0,0,0,1,0.000916
108,MetadataFirst,metadata,MetadataScan,metadata-source,100,1,72,0,1,0.000041
108,MetadataFirst,history,HistoricalAVG,historical-source,10000,1,48,0,1,0.000041
108,MetadataFirst,join,BindJoin,coordinator,1,0,0,0,0,0.000042
109,LiveMetadataSemiJoin,live,LiveWindow,live-source,24000,6000,480000,0,100,0.000917
109,LiveMetadataSemiJoin,metadata,MetadataScan,metadata-source,100,0,0,1000,1,0.000000
109,LiveMetadataSemiJoin,keys,SemiJoin,coordinator,25,0,1000,1000,1,0.000041
109,LiveMetadataSemiJoin,history,HistoricalAVG,historical-source,0,0,0,0,0,0.000042
109,LiveMetadataSemiJoin,join,SemiJoin,coordinator,25,0,0,0,0,0.000042
110,CentralFetchAll,live,LiveWindow,live-source,24000,6000,480000,0,100,0.001417
110,CentralFetchAll,metadata,MetadataScan,metadata-source,100,5,360,0,1,0.000042
110,CentralFetchAll,history,HistoricalScan,historical-source,1000000,1000000,80000000,0,100,0.000042
110,CentralFetchAll,join,HashJoin,coordinator,6005,0,0,0,0,0.000042
111,AggregateAll,live,LiveWindow,live-source,24000,6000,480000,0,100,0.001250
111,AggregateAll,metadata,MetadataScan,metadata-source,100,5,360,0,1,0.000042
111,AggregateAll,history,HistoricalAVG,historical-source,1000000,100,4800,0,100,0.000042
111,AggregateAll,join,HashJoin,coordinator,6005,0,0,0,0,0.000042
112,LiveFirst,live,LiveWindow,live-source,24000,6000,480000,0,100,0.001000
112,LiveFirst,metadata,MetadataScan,metadata-source,100,5,360,0,1,0.000042
112,LiveFirst,history,HistoricalAVG,historical-source,250000,25,1200,0,25,0.000042
112,LiveFirst,join,HashJoin,coordinator,6005,0,0,0,0,0.000042
113,MetadataFirst,live,LiveWindow,live-source,24000,0,0,0,5,0.001000
113,MetadataFirst,metadata,MetadataScan,metadata-source,100,5,360,0,1,0.000042
113,MetadataFirst,history,HistoricalAVG,historical-source,50000,5,240,0,5,0.000042
113,MetadataFirst,join,BindJoin,coordinator,5,0,0,0,0,0.000042
114,LiveMetadataSemiJoin,live,LiveWindow,live-source,24000,6000,480000,0,100,0.001000
114,LiveMetadataSemiJoin,metadata,MetadataScan,metadata-source,100,0,0,1000,1,0.000041
114,LiveMetadataSemiJoin,keys,SemiJoin,coordinator,25,0,1000,1000,1,0.000042
114,LiveMetadataSemiJoin,history,HistoricalAVG,historical-source,0,0,0,0,0,0.000000
114,LiveMetadataSemiJoin,join,SemiJoin,coordinator,25,0,0,0,0,0.000042
115,CentralFetchAll,live,LiveWindow,live-source,24000,6000,480000,0,100,0.001541
115,CentralFetchAll,metadata,MetadataScan,metadata-source,100,10,720,0,1,0.000041
115,CentralFetchAll,history,HistoricalScan,historical-source,1000000,1000000,80000000,0,100,0.000041
115,CentralFetchAll,join,HashJoin,coordinator,6010,0,0,0,0,0.000042
116,AggregateAll,live,LiveWindow,live-source,24000,6000,480000,0,100,0.001292
116,AggregateAll,metadata,MetadataScan,metadata-source,100,10,720,0,1,0.000042
116,AggregateAll,history,HistoricalAVG,historical-source,1000000,100,4800,0,100,0.000000
116,AggregateAll,join,HashJoin,coordinator,6010,0,0,0,0,0.000041
117,LiveFirst,live,LiveWindow,live-source,24000,6000,480000,0,100,0.001208
117,LiveFirst,metadata,MetadataScan,metadata-source,100,10,720,0,1,0.000042
117,LiveFirst,history,HistoricalAVG,historical-source,250000,25,1200,0,25,0.000042
117,LiveFirst,join,HashJoin,coordinator,6010,0,0,0,0,0.000042
118,MetadataFirst,live,LiveWindow,live-source,24000,0,0,0,10,0.001167
118,MetadataFirst,metadata,MetadataScan,metadata-source,100,10,720,0,1,0.000042
118,MetadataFirst,history,HistoricalAVG,historical-source,100000,10,480,0,10,0.000042
118,MetadataFirst,join,BindJoin,coordinator,10,0,0,0,0,0.000042
119,LiveMetadataSemiJoin,live,LiveWindow,live-source,24000,6000,480000,0,100,0.001125
119,LiveMetadataSemiJoin,metadata,MetadataScan,metadata-source,100,0,0,1000,1,0.000000
119,LiveMetadataSemiJoin,keys,SemiJoin,coordinator,25,0,1000,1000,1,0.000042
119,LiveMetadataSemiJoin,history,HistoricalAVG,historical-source,0,0,0,0,0,0.000042
119,LiveMetadataSemiJoin,join,SemiJoin,coordinator,25,0,0,0,0,0.000041
120,CentralFetchAll,live,LiveWindow,live-source,24000,6000,480000,0,100,0.001959
120,CentralFetchAll,metadata,MetadataScan,metadata-source,100,25,1800,0,1,0.000042
120,CentralFetchAll,history,HistoricalScan,historical-source,1000000,1000000,80000000,0,100,0.000042
120,CentralFetchAll,join,HashJoin,coordinator,6025,0,0,0,0,0.000042
121,AggregateAll,live,LiveWindow,live-source,24000,6000,480000,0,100,0.001792
121,AggregateAll,metadata,MetadataScan,metadata-source,100,25,1800,0,1,0.000042
121,AggregateAll,history,HistoricalAVG,historical-source,1000000,100,4800,0,100,0.000042
121,AggregateAll,join,HashJoin,coordinator,6025,0,0,0,0,0.000042
122,LiveFirst,live,LiveWindow,live-source,24000,6000,480000,0,100,0.001500
122,LiveFirst,metadata,MetadataScan,metadata-source,100,25,1800,0,1,0.000042
122,LiveFirst,history,HistoricalAVG,historical-source,250000,25,1200,0,25,0.000042
122,LiveFirst,join,HashJoin,coordinator,6025,0,0,0,0,0.000000
123,MetadataFirst,live,LiveWindow,live-source,24000,0,0,0,25,0.001584
123,MetadataFirst,metadata,MetadataScan,metadata-source,100,25,1800,0,1,0.000042
123,MetadataFirst,history,HistoricalAVG,historical-source,250000,25,1200,0,25,0.000042
123,MetadataFirst,join,BindJoin,coordinator,25,0,0,0,0,0.000042
124,LiveMetadataSemiJoin,live,LiveWindow,live-source,24000,6000,480000,0,100,0.001542
124,LiveMetadataSemiJoin,metadata,MetadataScan,metadata-source,100,0,0,1000,1,0.000042
124,LiveMetadataSemiJoin,keys,SemiJoin,coordinator,25,0,1000,1000,1,0.000042
124,LiveMetadataSemiJoin,history,HistoricalAVG,historical-source,0,0,0,0,0,0.000041
124,LiveMetadataSemiJoin,join,SemiJoin,coordinator,25,0,0,0,0,0.000042
125,CentralFetchAll,live,LiveWindow,live-source,24000,6000,480000,0,100,0.002792
125,CentralFetchAll,metadata,MetadataScan,metadata-source,100,50,3600,0,1,0.000042
125,CentralFetchAll,history,HistoricalScan,historical-source,1000000,1000000,80000000,0,100,0.000042
125,CentralFetchAll,join,HashJoin,coordinator,6050,1920,0,0,0,0.000042
126,AggregateAll,live,LiveWindow,live-source,24000,6000,480000,0,100,0.002250
126,AggregateAll,metadata,MetadataScan,metadata-source,100,50,3600,0,1,0.000042
126,AggregateAll,history,HistoricalAVG,historical-source,1000000,100,4800,0,100,0.000000
126,AggregateAll,join,HashJoin,coordinator,6050,1920,0,0,0,0.000042
127,LiveFirst,live,LiveWindow,live-source,24000,6000,480000,0,100,0.002042
127,LiveFirst,metadata,MetadataScan,metadata-source,100,50,3600,0,1,0.000042
127,LiveFirst,history,HistoricalAVG,historical-source,250000,25,1200,0,25,0.000042
127,LiveFirst,join,HashJoin,coordinator,6050,1920,0,0,0,0.000042
128,MetadataFirst,live,LiveWindow,live-source,24000,1920,153600,0,50,0.001875
128,MetadataFirst,metadata,MetadataScan,metadata-source,100,50,3600,0,1,0.000000
128,MetadataFirst,history,HistoricalAVG,historical-source,500000,50,2400,0,50,0.000041
128,MetadataFirst,join,BindJoin,coordinator,1970,1920,0,0,0,0.000042
129,LiveMetadataSemiJoin,live,LiveWindow,live-source,24000,6000,480000,0,100,0.001750
129,LiveMetadataSemiJoin,metadata,MetadataScan,metadata-source,100,8,576,1320,1,0.000000
129,LiveMetadataSemiJoin,keys,SemiJoin,coordinator,25,8,1320,1320,1,0.000042
129,LiveMetadataSemiJoin,history,HistoricalAVG,historical-source,80000,8,384,0,8,0.000041
129,LiveMetadataSemiJoin,join,SemiJoin,coordinator,33,8,0,0,0,0.000042
130,CentralFetchAll,live,LiveWindow,live-source,24000,6000,480000,0,100,0.003375
130,CentralFetchAll,metadata,MetadataScan,metadata-source,100,75,5400,0,1,0.000042
130,CentralFetchAll,history,HistoricalScan,historical-source,1000000,1000000,80000000,0,100,0.000042
130,CentralFetchAll,join,HashJoin,coordinator,6075,6000,0,0,0,0.000000
131,AggregateAll,live,LiveWindow,live-source,24000,6000,480000,0,100,0.002750
131,AggregateAll,metadata,MetadataScan,metadata-source,100,75,5400,0,1,0.000041
131,AggregateAll,history,HistoricalAVG,historical-source,1000000,100,4800,0,100,0.000041
131,AggregateAll,join,HashJoin,coordinator,6075,6000,0,0,0,0.000000
132,LiveFirst,live,LiveWindow,live-source,24000,6000,480000,0,100,0.002500
132,LiveFirst,metadata,MetadataScan,metadata-source,100,75,5400,0,1,0.000042
132,LiveFirst,history,HistoricalAVG,historical-source,250000,25,1200,0,25,0.000000
132,LiveFirst,join,HashJoin,coordinator,6075,6000,0,0,0,0.000042
133,MetadataFirst,live,LiveWindow,live-source,24000,6000,480000,0,75,0.002500
133,MetadataFirst,metadata,MetadataScan,metadata-source,100,75,5400,0,1,0.000042
133,MetadataFirst,history,HistoricalAVG,historical-source,750000,75,3600,0,75,0.000042
133,MetadataFirst,join,BindJoin,coordinator,6075,6000,0,0,0,0.000042
134,LiveMetadataSemiJoin,live,LiveWindow,live-source,24000,6000,480000,0,100,0.002459
134,LiveMetadataSemiJoin,metadata,MetadataScan,metadata-source,100,25,1800,2000,1,0.000042
134,LiveMetadataSemiJoin,keys,SemiJoin,coordinator,25,25,2000,2000,1,0.000041
134,LiveMetadataSemiJoin,history,HistoricalAVG,historical-source,250000,25,1200,0,25,0.000042
134,LiveMetadataSemiJoin,join,SemiJoin,coordinator,50,25,0,0,0,0.000042
135,CentralFetchAll,live,LiveWindow,live-source,24000,6000,480000,0,100,0.003500
135,CentralFetchAll,metadata,MetadataScan,metadata-source,100,100,7200,0,1,0.000000
135,CentralFetchAll,history,HistoricalScan,historical-source,1000000,1000000,80000000,0,100,0.000042
135,CentralFetchAll,join,HashJoin,coordinator,6100,6000,0,0,0,0.000042
136,AggregateAll,live,LiveWindow,live-source,24000,6000,480000,0,100,0.002833
136,AggregateAll,metadata,MetadataScan,metadata-source,100,100,7200,0,1,0.000042
136,AggregateAll,history,HistoricalAVG,historical-source,1000000,100,4800,0,100,0.000042
136,AggregateAll,join,HashJoin,coordinator,6100,6000,0,0,0,0.000000
137,LiveFirst,live,LiveWindow,live-source,24000,6000,480000,0,100,0.002667
137,LiveFirst,metadata,MetadataScan,metadata-source,100,100,7200,0,1,0.000041
137,LiveFirst,history,HistoricalAVG,historical-source,250000,25,1200,0,25,0.000000
137,LiveFirst,join,HashJoin,coordinator,6100,6000,0,0,0,0.000042
138,MetadataFirst,live,LiveWindow,live-source,24000,6000,480000,0,100,0.002666
138,MetadataFirst,metadata,MetadataScan,metadata-source,100,100,7200,0,1,0.000042
138,MetadataFirst,history,HistoricalAVG,historical-source,1000000,100,4800,0,100,0.000042
138,MetadataFirst,join,BindJoin,coordinator,6100,6000,0,0,0,0.000041
139,LiveMetadataSemiJoin,live,LiveWindow,live-source,24000,6000,480000,0,100,0.002291
139,LiveMetadataSemiJoin,metadata,MetadataScan,metadata-source,100,25,1800,2000,1,0.000000
139,LiveMetadataSemiJoin,keys,SemiJoin,coordinator,25,25,2000,2000,1,0.000042
139,LiveMetadataSemiJoin,history,HistoricalAVG,historical-source,250000,25,1200,0,25,0.000041
139,LiveMetadataSemiJoin,join,SemiJoin,coordinator,50,25,0,0,0,0.000000
140,CentralFetchAll,live,LiveWindow,live-source,24000,12000,960000,0,100,0.001375
140,CentralFetchAll,metadata,MetadataScan,metadata-source,100,1,72,0,1,0.000000
140,CentralFetchAll,history,HistoricalScan,historical-source,1000000,1000000,80000000,0,100,0.000042
140,CentralFetchAll,join,HashJoin,coordinator,12001,0,0,0,0,0.000000
141,AggregateAll,live,LiveWindow,live-source,24000,12000,960000,0,100,0.000917
141,AggregateAll,metadata,MetadataScan,metadata-source,100,1,72,0,1,0.000042
141,AggregateAll,history,HistoricalAVG,historical-source,1000000,100,4800,0,100,0.000041
141,AggregateAll,join,HashJoin,coordinator,12001,0,0,0,0,0.000042
142,LiveFirst,live,LiveWindow,live-source,24000,12000,960000,0,100,0.000833
142,LiveFirst,metadata,MetadataScan,metadata-source,100,1,72,0,1,0.000041
142,LiveFirst,history,HistoricalAVG,historical-source,500000,50,2400,0,50,0.000000
142,LiveFirst,join,HashJoin,coordinator,12001,0,0,0,0,0.000042
143,MetadataFirst,live,LiveWindow,live-source,24000,0,0,0,1,0.000875
143,MetadataFirst,metadata,MetadataScan,metadata-source,100,1,72,0,1,0.000042
143,MetadataFirst,history,HistoricalAVG,historical-source,10000,1,48,0,1,0.000041
143,MetadataFirst,join,BindJoin,coordinator,1,0,0,0,0,0.000042
144,LiveMetadataSemiJoin,live,LiveWindow,live-source,24000,12000,960000,0,100,0.000792
144,LiveMetadataSemiJoin,metadata,MetadataScan,metadata-source,100,0,0,2000,1,0.000042
144,LiveMetadataSemiJoin,keys,SemiJoin,coordinator,50,0,2000,2000,1,0.000000
144,LiveMetadataSemiJoin,history,HistoricalAVG,historical-source,0,0,0,0,0,0.000042
144,LiveMetadataSemiJoin,join,SemiJoin,coordinator,50,0,0,0,0,0.000041
145,CentralFetchAll,live,LiveWindow,live-source,24000,12000,960000,0,100,0.001458
145,CentralFetchAll,metadata,MetadataScan,metadata-source,100,5,360,0,1,0.000041
145,CentralFetchAll,history,HistoricalScan,historical-source,1000000,1000000,80000000,0,100,0.000042
145,CentralFetchAll,join,HashJoin,coordinator,12005,0,0,0,0,0.000042
146,AggregateAll,live,LiveWindow,live-source,24000,12000,960000,0,100,0.001125
146,AggregateAll,metadata,MetadataScan,metadata-source,100,5,360,0,1,0.000042
146,AggregateAll,history,HistoricalAVG,historical-source,1000000,100,4800,0,100,0.000042
146,AggregateAll,join,HashJoin,coordinator,12005,0,0,0,0,0.000041
147,LiveFirst,live,LiveWindow,live-source,24000,12000,960000,0,100,0.001042
147,LiveFirst,metadata,MetadataScan,metadata-source,100,5,360,0,1,0.000041
147,LiveFirst,history,HistoricalAVG,historical-source,500000,50,2400,0,50,0.000042
147,LiveFirst,join,HashJoin,coordinator,12005,0,0,0,0,0.000042
148,MetadataFirst,live,LiveWindow,live-source,24000,0,0,0,5,0.001042
148,MetadataFirst,metadata,MetadataScan,metadata-source,100,5,360,0,1,0.000000
148,MetadataFirst,history,HistoricalAVG,historical-source,50000,5,240,0,5,0.000041
148,MetadataFirst,join,BindJoin,coordinator,5,0,0,0,0,0.000000
149,LiveMetadataSemiJoin,live,LiveWindow,live-source,24000,12000,960000,0,100,0.001000
149,LiveMetadataSemiJoin,metadata,MetadataScan,metadata-source,100,0,0,2000,1,0.000042
149,LiveMetadataSemiJoin,keys,SemiJoin,coordinator,50,0,2000,2000,1,0.000000
149,LiveMetadataSemiJoin,history,HistoricalAVG,historical-source,0,0,0,0,0,0.000000
149,LiveMetadataSemiJoin,join,SemiJoin,coordinator,50,0,0,0,0,0.000041
150,CentralFetchAll,live,LiveWindow,live-source,24000,12000,960000,0,100,0.001500
150,CentralFetchAll,metadata,MetadataScan,metadata-source,100,10,720,0,1,0.000041
150,CentralFetchAll,history,HistoricalScan,historical-source,1000000,1000000,80000000,0,100,0.000042
150,CentralFetchAll,join,HashJoin,coordinator,12010,0,0,0,0,0.000042
151,AggregateAll,live,LiveWindow,live-source,24000,12000,960000,0,100,0.001125
151,AggregateAll,metadata,MetadataScan,metadata-source,100,10,720,0,1,0.000042
151,AggregateAll,history,HistoricalAVG,historical-source,1000000,100,4800,0,100,0.000042
151,AggregateAll,join,HashJoin,coordinator,12010,0,0,0,0,0.000041
152,LiveFirst,live,LiveWindow,live-source,24000,12000,960000,0,100,0.001166
152,LiveFirst,metadata,MetadataScan,metadata-source,100,10,720,0,1,0.000042
152,LiveFirst,history,HistoricalAVG,historical-source,500000,50,2400,0,50,0.000042
152,LiveFirst,join,HashJoin,coordinator,12010,0,0,0,0,0.000041
153,MetadataFirst,live,LiveWindow,live-source,24000,0,0,0,10,0.001167
153,MetadataFirst,metadata,MetadataScan,metadata-source,100,10,720,0,1,0.000000
153,MetadataFirst,history,HistoricalAVG,historical-source,100000,10,480,0,10,0.000042
153,MetadataFirst,join,BindJoin,coordinator,10,0,0,0,0,0.000000
154,LiveMetadataSemiJoin,live,LiveWindow,live-source,24000,12000,960000,0,100,0.001125
154,LiveMetadataSemiJoin,metadata,MetadataScan,metadata-source,100,0,0,2000,1,0.000041
154,LiveMetadataSemiJoin,keys,SemiJoin,coordinator,50,0,2000,2000,1,0.000000
154,LiveMetadataSemiJoin,history,HistoricalAVG,historical-source,0,0,0,0,0,0.000041
154,LiveMetadataSemiJoin,join,SemiJoin,coordinator,50,0,0,0,0,0.000042
155,CentralFetchAll,live,LiveWindow,live-source,24000,12000,960000,0,100,0.001833
155,CentralFetchAll,metadata,MetadataScan,metadata-source,100,25,1800,0,1,0.000041
155,CentralFetchAll,history,HistoricalScan,historical-source,1000000,1000000,80000000,0,100,0.000042
155,CentralFetchAll,join,HashJoin,coordinator,12025,0,0,0,0,0.000042
156,AggregateAll,live,LiveWindow,live-source,24000,12000,960000,0,100,0.001542
156,AggregateAll,metadata,MetadataScan,metadata-source,100,25,1800,0,1,0.000042
156,AggregateAll,history,HistoricalAVG,historical-source,1000000,100,4800,0,100,0.000041
156,AggregateAll,join,HashJoin,coordinator,12025,0,0,0,0,0.000000
157,LiveFirst,live,LiveWindow,live-source,24000,12000,960000,0,100,0.001375
157,LiveFirst,metadata,MetadataScan,metadata-source,100,25,1800,0,1,0.000042
157,LiveFirst,history,HistoricalAVG,historical-source,500000,50,2400,0,50,0.000042
157,LiveFirst,join,HashJoin,coordinator,12025,0,0,0,0,0.000041
158,MetadataFirst,live,LiveWindow,live-source,24000,0,0,0,25,0.001416
158,MetadataFirst,metadata,MetadataScan,metadata-source,100,25,1800,0,1,0.000042
158,MetadataFirst,history,HistoricalAVG,historical-source,250000,25,1200,0,25,0.000042
158,MetadataFirst,join,BindJoin,coordinator,25,0,0,0,0,0.000000
159,LiveMetadataSemiJoin,live,LiveWindow,live-source,24000,12000,960000,0,100,0.001375
159,LiveMetadataSemiJoin,metadata,MetadataScan,metadata-source,100,0,0,2000,1,0.000042
159,LiveMetadataSemiJoin,keys,SemiJoin,coordinator,50,0,2000,2000,1,0.000000
159,LiveMetadataSemiJoin,history,HistoricalAVG,historical-source,0,0,0,0,0,0.000042
159,LiveMetadataSemiJoin,join,SemiJoin,coordinator,50,0,0,0,0,0.000000
160,CentralFetchAll,live,LiveWindow,live-source,24000,12000,960000,0,100,0.002500
160,CentralFetchAll,metadata,MetadataScan,metadata-source,100,50,3600,0,1,0.000042
160,CentralFetchAll,history,HistoricalScan,historical-source,1000000,1000000,80000000,0,100,0.000042
160,CentralFetchAll,join,HashJoin,coordinator,12050,1920,0,0,0,0.000041
161,AggregateAll,live,LiveWindow,live-source,24000,12000,960000,0,100,0.002000
161,AggregateAll,metadata,MetadataScan,metadata-source,100,50,3600,0,1,0.000000
161,AggregateAll,history,HistoricalAVG,historical-source,1000000,100,4800,0,100,0.000041
161,AggregateAll,join,HashJoin,coordinator,12050,1920,0,0,0,0.000000
162,LiveFirst,live,LiveWindow,live-source,24000,12000,960000,0,100,0.001875
162,LiveFirst,metadata,MetadataScan,metadata-source,100,50,3600,0,1,0.000000
162,LiveFirst,history,HistoricalAVG,historical-source,500000,50,2400,0,50,0.000041
162,LiveFirst,join,HashJoin,coordinator,12050,1920,0,0,0,0.000000
163,MetadataFirst,live,LiveWindow,live-source,24000,1920,153600,0,50,0.001792
163,MetadataFirst,metadata,MetadataScan,metadata-source,100,50,3600,0,1,0.000042
163,MetadataFirst,history,HistoricalAVG,historical-source,500000,50,2400,0,50,0.000000
163,MetadataFirst,join,BindJoin,coordinator,1970,1920,0,0,0,0.000042
164,LiveMetadataSemiJoin,live,LiveWindow,live-source,24000,12000,960000,0,100,0.001833
164,LiveMetadataSemiJoin,metadata,MetadataScan,metadata-source,100,8,576,2320,1,0.000000
164,LiveMetadataSemiJoin,keys,SemiJoin,coordinator,50,8,2320,2320,1,0.000042
164,LiveMetadataSemiJoin,history,HistoricalAVG,historical-source,80000,8,384,0,8,0.000000
164,LiveMetadataSemiJoin,join,SemiJoin,coordinator,58,8,0,0,0,0.000000
165,CentralFetchAll,live,LiveWindow,live-source,24000,12000,960000,0,100,0.003333
165,CentralFetchAll,metadata,MetadataScan,metadata-source,100,75,5400,0,1,0.000041
165,CentralFetchAll,history,HistoricalScan,historical-source,1000000,1000000,80000000,0,100,0.000042
165,CentralFetchAll,join,HashJoin,coordinator,12075,7920,0,0,0,0.000042
166,AggregateAll,live,LiveWindow,live-source,24000,12000,960000,0,100,0.002792
166,AggregateAll,metadata,MetadataScan,metadata-source,100,75,5400,0,1,0.000000
166,AggregateAll,history,HistoricalAVG,historical-source,1000000,100,4800,0,100,0.000042
166,AggregateAll,join,HashJoin,coordinator,12075,7920,0,0,0,0.000000
167,LiveFirst,live,LiveWindow,live-source,24000,12000,960000,0,100,0.002542
167,LiveFirst,metadata,MetadataScan,metadata-source,100,75,5400,0,1,0.000041
167,LiveFirst,history,HistoricalAVG,historical-source,500000,50,2400,0,50,0.000042
167,LiveFirst,join,HashJoin,coordinator,12075,7920,0,0,0,0.000042
168,MetadataFirst,live,LiveWindow,live-source,24000,7920,633600,0,75,0.002584
168,MetadataFirst,metadata,MetadataScan,metadata-source,100,75,5400,0,1,0.000042
168,MetadataFirst,history,HistoricalAVG,historical-source,750000,75,3600,0,75,0.000041
168,MetadataFirst,join,BindJoin,coordinator,7995,7920,0,0,0,0.000042
169,LiveMetadataSemiJoin,live,LiveWindow,live-source,24000,12000,960000,0,100,0.002500
169,LiveMetadataSemiJoin,metadata,MetadataScan,metadata-source,100,33,2376,3320,1,0.000042
169,LiveMetadataSemiJoin,keys,SemiJoin,coordinator,50,33,3320,3320,1,0.000000
169,LiveMetadataSemiJoin,history,HistoricalAVG,historical-source,330000,33,1584,0,33,0.000042
169,LiveMetadataSemiJoin,join,SemiJoin,coordinator,83,33,0,0,0,0.000041
170,CentralFetchAll,live,LiveWindow,live-source,24000,12000,960000,0,100,0.003666
170,CentralFetchAll,metadata,MetadataScan,metadata-source,100,100,7200,0,1,0.000000
170,CentralFetchAll,history,HistoricalScan,historical-source,1000000,1000000,80000000,0,100,0.000042
170,CentralFetchAll,join,HashJoin,coordinator,12100,12000,0,0,0,0.000042
171,AggregateAll,live,LiveWindow,live-source,24000,12000,960000,0,100,0.003542
171,AggregateAll,metadata,MetadataScan,metadata-source,100,100,7200,0,1,0.000042
171,AggregateAll,history,HistoricalAVG,historical-source,1000000,100,4800,0,100,0.000042
171,AggregateAll,join,HashJoin,coordinator,12100,12000,0,0,0,0.000000
172,LiveFirst,live,LiveWindow,live-source,24000,12000,960000,0,100,0.002875
172,LiveFirst,metadata,MetadataScan,metadata-source,100,100,7200,0,1,0.000042
172,LiveFirst,history,HistoricalAVG,historical-source,500000,50,2400,0,50,0.000042
172,LiveFirst,join,HashJoin,coordinator,12100,12000,0,0,0,0.000041
173,MetadataFirst,live,LiveWindow,live-source,24000,12000,960000,0,100,0.002708
173,MetadataFirst,metadata,MetadataScan,metadata-source,100,100,7200,0,1,0.000000
173,MetadataFirst,history,HistoricalAVG,historical-source,1000000,100,4800,0,100,0.000000
173,MetadataFirst,join,BindJoin,coordinator,12100,12000,0,0,0,0.000042
174,LiveMetadataSemiJoin,live,LiveWindow,live-source,24000,12000,960000,0,100,0.002709
174,LiveMetadataSemiJoin,metadata,MetadataScan,metadata-source,100,50,3600,4000,1,0.000000
174,LiveMetadataSemiJoin,keys,SemiJoin,coordinator,50,50,4000,4000,1,0.000041
174,LiveMetadataSemiJoin,history,HistoricalAVG,historical-source,500000,50,2400,0,50,0.000000
174,LiveMetadataSemiJoin,join,SemiJoin,coordinator,100,50,0,0,0,0.000041
175,CentralFetchAll,live,LiveWindow,live-source,24000,18000,1440000,0,100,0.001833
175,CentralFetchAll,metadata,MetadataScan,metadata-source,100,1,72,0,1,0.000042
175,CentralFetchAll,history,HistoricalScan,historical-source,1000000,1000000,80000000,0,100,0.000042
175,CentralFetchAll,join,HashJoin,coordinator,18001,240,0,0,0,0.000000
176,AggregateAll,live,LiveWindow,live-source,24000,18000,1440000,0,100,0.001500
176,AggregateAll,metadata,MetadataScan,metadata-source,100,1,72,0,1,0.000042
176,AggregateAll,history,HistoricalAVG,historical-source,1000000,100,4800,0,100,0.000042
176,AggregateAll,join,HashJoin,coordinator,18001,240,0,0,0,0.000042
177,LiveFirst,live,LiveWindow,live-source,24000,18000,1440000,0,100,0.001250
177,LiveFirst,metadata,MetadataScan,metadata-source,100,1,72,0,1,0.000000
177,LiveFirst,history,HistoricalAVG,historical-source,750000,75,3600,0,75,0.000000
177,LiveFirst,join,HashJoin,coordinator,18001,240,0,0,0,0.000042
178,MetadataFirst,live,LiveWindow,live-source,24000,240,19200,0,1,0.001042
178,MetadataFirst,metadata,MetadataScan,metadata-source,100,1,72,0,1,0.000041
178,MetadataFirst,history,HistoricalAVG,historical-source,10000,1,48,0,1,0.000042
178,MetadataFirst,join,BindJoin,coordinator,241,240,0,0,0,0.000000
179,LiveMetadataSemiJoin,live,LiveWindow,live-source,24000,18000,1440000,0,100,0.001042
179,LiveMetadataSemiJoin,metadata,MetadataScan,metadata-source,100,1,72,3040,1,0.000042
179,LiveMetadataSemiJoin,keys,SemiJoin,coordinator,75,1,3040,3040,1,0.000000
179,LiveMetadataSemiJoin,history,HistoricalAVG,historical-source,10000,1,48,0,1,0.000042
179,LiveMetadataSemiJoin,join,SemiJoin,coordinator,76,1,0,0,0,0.000041
180,CentralFetchAll,live,LiveWindow,live-source,24000,18000,1440000,0,100,0.001709
180,CentralFetchAll,metadata,MetadataScan,metadata-source,100,5,360,0,1,0.000000
180,CentralFetchAll,history,HistoricalScan,historical-source,1000000,1000000,80000000,0,100,0.000000
180,CentralFetchAll,join,HashJoin,coordinator,18005,1200,0,0,0,0.000042
181,AggregateAll,live,LiveWindow,live-source,24000,18000,1440000,0,100,0.001375
181,AggregateAll,metadata,MetadataScan,metadata-source,100,5,360,0,1,0.000042
181,AggregateAll,history,HistoricalAVG,historical-source,1000000,100,4800,0,100,0.000042
181,AggregateAll,join,HashJoin,coordinator,18005,1200,0,0,0,0.000000
182,LiveFirst,live,LiveWindow,live-source,24000,18000,1440000,0,100,0.001292
182,LiveFirst,metadata,MetadataScan,metadata-source,100,5,360,0,1,0.000000
182,LiveFirst,history,HistoricalAVG,historical-source,750000,75,3600,0,75,0.000000
182,LiveFirst,join,HashJoin,coordinator,18005,1200,0,0,0,0.000042
183,MetadataFirst,live,LiveWindow,live-source,24000,1200,96000,0,5,0.001291
183,MetadataFirst,metadata,MetadataScan,metadata-source,100,5,360,0,1,0.000042
183,MetadataFirst,history,HistoricalAVG,historical-source,50000,5,240,0,5,0.000042
183,MetadataFirst,join,BindJoin,coordinator,1205,1200,0,0,0,0.000041
184,LiveMetadataSemiJoin,live,LiveWindow,live-source,24000,18000,1440000,0,100,0.001333
184,LiveMetadataSemiJoin,metadata,MetadataScan,metadata-source,100,5,360,3200,1,0.000041
184,LiveMetadataSemiJoin,keys,SemiJoin,coordinator,75,5,3200,3200,1,0.000000
184,LiveMetadataSemiJoin,history,HistoricalAVG,historical-source,50000,5,240,0,5,0.000041
184,LiveMetadataSemiJoin,join,SemiJoin,coordinator,80,5,0,0,0,0.000000
185,CentralFetchAll,live,LiveWindow,live-source,24000,18000,1440000,0,100,0.001833
185,CentralFetchAll,metadata,MetadataScan,metadata-source,100,10,720,0,1,0.000041
185,CentralFetchAll,history,HistoricalScan,historical-source,1000000,1000000,80000000,0,100,0.000042
185,CentralFetchAll,join,HashJoin,coordinator,18010,2400,0,0,0,0.000000
186,AggregateAll,live,LiveWindow,live-source,24000,18000,1440000,0,100,0.001458
186,AggregateAll,metadata,MetadataScan,metadata-source,100,10,720,0,1,0.000000
186,AggregateAll,history,HistoricalAVG,historical-source,1000000,100,4800,0,100,0.000042
186,AggregateAll,join,HashJoin,coordinator,18010,2400,0,0,0,0.000000
187,LiveFirst,live,LiveWindow,live-source,24000,18000,1440000,0,100,0.001333
187,LiveFirst,metadata,MetadataScan,metadata-source,100,10,720,0,1,0.000000
187,LiveFirst,history,HistoricalAVG,historical-source,750000,75,3600,0,75,0.000042
187,LiveFirst,join,HashJoin,coordinator,18010,2400,0,0,0,0.000000
188,MetadataFirst,live,LiveWindow,live-source,24000,2400,192000,0,10,0.001291
188,MetadataFirst,metadata,MetadataScan,metadata-source,100,10,720,0,1,0.000000
188,MetadataFirst,history,HistoricalAVG,historical-source,100000,10,480,0,10,0.000000
188,MetadataFirst,join,BindJoin,coordinator,2410,2400,0,0,0,0.000042
189,LiveMetadataSemiJoin,live,LiveWindow,live-source,24000,18000,1440000,0,100,0.001375
189,LiveMetadataSemiJoin,metadata,MetadataScan,metadata-source,100,10,720,3400,1,0.000000
189,LiveMetadataSemiJoin,keys,SemiJoin,coordinator,75,10,3400,3400,1,0.000042
189,LiveMetadataSemiJoin,history,HistoricalAVG,historical-source,100000,10,480,0,10,0.000041
189,LiveMetadataSemiJoin,join,SemiJoin,coordinator,85,10,0,0,0,0.000000
190,CentralFetchAll,live,LiveWindow,live-source,24000,18000,1440000,0,100,0.002292
190,CentralFetchAll,metadata,MetadataScan,metadata-source,100,25,1800,0,1,0.000042
190,CentralFetchAll,history,HistoricalScan,historical-source,1000000,1000000,80000000,0,100,0.000000
190,CentralFetchAll,join,HashJoin,coordinator,18025,4080,0,0,0,0.000042
191,AggregateAll,live,LiveWindow,live-source,24000,18000,1440000,0,100,0.001959
191,AggregateAll,metadata,MetadataScan,metadata-source,100,25,1800,0,1,0.000000
191,AggregateAll,history,HistoricalAVG,historical-source,1000000,100,4800,0,100,0.000000
191,AggregateAll,join,HashJoin,coordinator,18025,4080,0,0,0,0.000000
192,LiveFirst,live,LiveWindow,live-source,24000,18000,1440000,0,100,0.001834
192,LiveFirst,metadata,MetadataScan,metadata-source,100,25,1800,0,1,0.000000
192,LiveFirst,history,HistoricalAVG,historical-source,750000,75,3600,0,75,0.000000
192,LiveFirst,join,HashJoin,coordinator,18025,4080,0,0,0,0.000042
193,MetadataFirst,live,LiveWindow,live-source,24000,4080,326400,0,25,0.001708
193,MetadataFirst,metadata,MetadataScan,metadata-source,100,25,1800,0,1,0.000041
193,MetadataFirst,history,HistoricalAVG,historical-source,250000,25,1200,0,25,0.000042
193,MetadataFirst,join,BindJoin,coordinator,4105,4080,0,0,0,0.000000
194,LiveMetadataSemiJoin,live,LiveWindow,live-source,24000,18000,1440000,0,100,0.001708
194,LiveMetadataSemiJoin,metadata,MetadataScan,metadata-source,100,17,1224,3680,1,0.000000
194,LiveMetadataSemiJoin,keys,SemiJoin,coordinator,75,17,3680,3680,1,0.000042
194,LiveMetadataSemiJoin,history,HistoricalAVG,historical-source,170000,17,816,0,17,0.000042
194,LiveMetadataSemiJoin,join,SemiJoin,coordinator,92,17,0,0,0,0.000000
195,CentralFetchAll,live,LiveWindow,live-source,24000,18000,1440000,0,100,0.002917
195,CentralFetchAll,metadata,MetadataScan,metadata-source,100,50,3600,0,1,0.000042
195,CentralFetchAll,history,HistoricalScan,historical-source,1000000,1000000,80000000,0,100,0.000041
195,CentralFetchAll,join,HashJoin,coordinator,18050,6000,0,0,0,0.000042
196,AggregateAll,live,LiveWindow,live-source,24000,18000,1440000,0,100,0.002167
196,AggregateAll,metadata,MetadataScan,metadata-source,100,50,3600,0,1,0.000041
196,AggregateAll,history,HistoricalAVG,historical-source,1000000,100,4800,0,100,0.000000
196,AggregateAll,join,HashJoin,coordinator,18050,6000,0,0,0,0.000041
197,LiveFirst,live,LiveWindow,live-source,24000,18000,1440000,0,100,0.002042
197,LiveFirst,metadata,MetadataScan,metadata-source,100,50,3600,0,1,0.000000
197,LiveFirst,history,HistoricalAVG,historical-source,750000,75,3600,0,75,0.000041
197,LiveFirst,join,HashJoin,coordinator,18050,6000,0,0,0,0.000000
198,MetadataFirst,live,LiveWindow,live-source,24000,6000,480000,0,50,0.002000
198,MetadataFirst,metadata,MetadataScan,metadata-source,100,50,3600,0,1,0.000042
198,MetadataFirst,history,HistoricalAVG,historical-source,500000,50,2400,0,50,0.000041
198,MetadataFirst,join,BindJoin,coordinator,6050,6000,0,0,0,0.000042
199,LiveMetadataSemiJoin,live,LiveWindow,live-source,24000,18000,1440000,0,100,0.002041
199,LiveMetadataSemiJoin,metadata,MetadataScan,metadata-source,100,25,1800,4000,1,0.000042
199,LiveMetadataSemiJoin,keys,SemiJoin,coordinator,75,25,4000,4000,1,0.000041
199,LiveMetadataSemiJoin,history,HistoricalAVG,historical-source,250000,25,1200,0,25,0.000000
199,LiveMetadataSemiJoin,join,SemiJoin,coordinator,100,25,0,0,0,0.000041
200,CentralFetchAll,live,LiveWindow,live-source,24000,18000,1440000,0,100,0.003042
200,CentralFetchAll,metadata,MetadataScan,metadata-source,100,75,5400,0,1,0.000000
200,CentralFetchAll,history,HistoricalScan,historical-source,1000000,1000000,80000000,0,100,0.000041
200,CentralFetchAll,join,HashJoin,coordinator,18075,12000,0,0,0,0.000000
201,AggregateAll,live,LiveWindow,live-source,24000,18000,1440000,0,100,0.002958
201,AggregateAll,metadata,MetadataScan,metadata-source,100,75,5400,0,1,0.000000
201,AggregateAll,history,HistoricalAVG,historical-source,1000000,100,4800,0,100,0.000000
201,AggregateAll,join,HashJoin,coordinator,18075,12000,0,0,0,0.000041
202,LiveFirst,live,LiveWindow,live-source,24000,18000,1440000,0,100,0.002417
202,LiveFirst,metadata,MetadataScan,metadata-source,100,75,5400,0,1,0.000042
202,LiveFirst,history,HistoricalAVG,historical-source,750000,75,3600,0,75,0.000000
202,LiveFirst,join,HashJoin,coordinator,18075,12000,0,0,0,0.000000
203,MetadataFirst,live,LiveWindow,live-source,24000,12000,960000,0,75,0.002167
203,MetadataFirst,metadata,MetadataScan,metadata-source,100,75,5400,0,1,0.000042
203,MetadataFirst,history,HistoricalAVG,historical-source,750000,75,3600,0,75,0.000041
203,MetadataFirst,join,BindJoin,coordinator,12075,12000,0,0,0,0.000042
204,LiveMetadataSemiJoin,live,LiveWindow,live-source,24000,18000,1440000,0,100,0.002208
204,LiveMetadataSemiJoin,metadata,MetadataScan,metadata-source,100,50,3600,5000,1,0.000000
204,LiveMetadataSemiJoin,keys,SemiJoin,coordinator,75,50,5000,5000,1,0.000000
204,LiveMetadataSemiJoin,history,HistoricalAVG,historical-source,500000,50,2400,0,50,0.000042
204,LiveMetadataSemiJoin,join,SemiJoin,coordinator,125,50,0,0,0,0.000042
205,CentralFetchAll,live,LiveWindow,live-source,24000,18000,1440000,0,100,0.003375
205,CentralFetchAll,metadata,MetadataScan,metadata-source,100,100,7200,0,1,0.000042
205,CentralFetchAll,history,HistoricalScan,historical-source,1000000,1000000,80000000,0,100,0.000000
205,CentralFetchAll,join,HashJoin,coordinator,18100,18000,0,0,0,0.000042
206,AggregateAll,live,LiveWindow,live-source,24000,18000,1440000,0,100,0.002959
206,AggregateAll,metadata,MetadataScan,metadata-source,100,100,7200,0,1,0.000000
206,AggregateAll,history,HistoricalAVG,historical-source,1000000,100,4800,0,100,0.000041
206,AggregateAll,join,HashJoin,coordinator,18100,18000,0,0,0,0.000042
207,LiveFirst,live,LiveWindow,live-source,24000,18000,1440000,0,100,0.002667
207,LiveFirst,metadata,MetadataScan,metadata-source,100,100,7200,0,1,0.000041
207,LiveFirst,history,HistoricalAVG,historical-source,750000,75,3600,0,75,0.000000
207,LiveFirst,join,HashJoin,coordinator,18100,18000,0,0,0,0.000000
208,MetadataFirst,live,LiveWindow,live-source,24000,18000,1440000,0,100,0.002541
208,MetadataFirst,metadata,MetadataScan,metadata-source,100,100,7200,0,1,0.000000
208,MetadataFirst,history,HistoricalAVG,historical-source,1000000,100,4800,0,100,0.000042
208,MetadataFirst,join,BindJoin,coordinator,18100,18000,0,0,0,0.000000
209,LiveMetadataSemiJoin,live,LiveWindow,live-source,24000,18000,1440000,0,100,0.002500
209,LiveMetadataSemiJoin,metadata,MetadataScan,metadata-source,100,75,5400,6000,1,0.000000
209,LiveMetadataSemiJoin,keys,SemiJoin,coordinator,75,75,6000,6000,1,0.000000
209,LiveMetadataSemiJoin,history,HistoricalAVG,historical-source,750000,75,3600,0,75,0.000041
209,LiveMetadataSemiJoin,join,SemiJoin,coordinator,150,75,0,0,0,0.000042
210,CentralFetchAll,live,LiveWindow,live-source,24000,24000,1920000,0,100,0.001333
210,CentralFetchAll,metadata,MetadataScan,metadata-source,100,1,72,0,1,0.000000
210,CentralFetchAll,history,HistoricalScan,historical-source,1000000,1000000,80000000,0,100,0.000042
210,CentralFetchAll,join,HashJoin,coordinator,24001,240,0,0,0,0.000000
211,AggregateAll,live,LiveWindow,live-source,24000,24000,1920000,0,100,0.001000
211,AggregateAll,metadata,MetadataScan,metadata-source,100,1,72,0,1,0.000042
211,AggregateAll,history,HistoricalAVG,historical-source,1000000,100,4800,0,100,0.000000
211,AggregateAll,join,HashJoin,coordinator,24001,240,0,0,0,0.000000
212,LiveFirst,live,LiveWindow,live-source,24000,24000,1920000,0,100,0.000959
212,LiveFirst,metadata,MetadataScan,metadata-source,100,1,72,0,1,0.000042
212,LiveFirst,history,HistoricalAVG,historical-source,1000000,100,4800,0,100,0.000000
212,LiveFirst,join,HashJoin,coordinator,24001,240,0,0,0,0.000000
213,MetadataFirst,live,LiveWindow,live-source,24000,240,19200,0,1,0.000917
213,MetadataFirst,metadata,MetadataScan,metadata-source,100,1,72,0,1,0.000042
213,MetadataFirst,history,HistoricalAVG,historical-source,10000,1,48,0,1,0.000000
213,MetadataFirst,join,BindJoin,coordinator,241,240,0,0,0,0.000042
214,LiveMetadataSemiJoin,live,LiveWindow,live-source,24000,24000,1920000,0,100,0.000875
214,LiveMetadataSemiJoin,metadata,MetadataScan,metadata-source,100,1,72,4040,1,0.000000
214,LiveMetadataSemiJoin,keys,SemiJoin,coordinator,100,1,4040,4040,1,0.000000
214,LiveMetadataSemiJoin,history,HistoricalAVG,historical-source,10000,1,48,0,1,0.000041
214,LiveMetadataSemiJoin,join,SemiJoin,coordinator,101,1,0,0,0,0.000042
215,CentralFetchAll,live,LiveWindow,live-source,24000,24000,1920000,0,100,0.001167
215,CentralFetchAll,metadata,MetadataScan,metadata-source,100,5,360,0,1,0.000041
215,CentralFetchAll,history,HistoricalScan,historical-source,1000000,1000000,80000000,0,100,0.000000
215,CentralFetchAll,join,HashJoin,coordinator,24005,1200,0,0,0,0.000000
216,AggregateAll,live,LiveWindow,live-source,24000,24000,1920000,0,100,0.001000
216,AggregateAll,metadata,MetadataScan,metadata-source,100,5,360,0,1,0.000000
216,AggregateAll,history,HistoricalAVG,historical-source,1000000,100,4800,0,100,0.000042
216,AggregateAll,join,HashJoin,coordinator,24005,1200,0,0,0,0.000000
217,LiveFirst,live,LiveWindow,live-source,24000,24000,1920000,0,100,0.001042
217,LiveFirst,metadata,MetadataScan,metadata-source,100,5,360,0,1,0.000042
217,LiveFirst,history,HistoricalAVG,historical-source,1000000,100,4800,0,100,0.000000
217,LiveFirst,join,HashJoin,coordinator,24005,1200,0,0,0,0.000000
218,MetadataFirst,live,LiveWindow,live-source,24000,1200,96000,0,5,0.001000
218,MetadataFirst,metadata,MetadataScan,metadata-source,100,5,360,0,1,0.000000
218,MetadataFirst,history,HistoricalAVG,historical-source,50000,5,240,0,5,0.000000
218,MetadataFirst,join,BindJoin,coordinator,1205,1200,0,0,0,0.000000
219,LiveMetadataSemiJoin,live,LiveWindow,live-source,24000,24000,1920000,0,100,0.000958
219,LiveMetadataSemiJoin,metadata,MetadataScan,metadata-source,100,5,360,4200,1,0.000000
219,LiveMetadataSemiJoin,keys,SemiJoin,coordinator,100,5,4200,4200,1,0.000000
219,LiveMetadataSemiJoin,history,HistoricalAVG,historical-source,50000,5,240,0,5,0.000042
219,LiveMetadataSemiJoin,join,SemiJoin,coordinator,105,5,0,0,0,0.000000
220,CentralFetchAll,live,LiveWindow,live-source,24000,24000,1920000,0,100,0.001791
220,CentralFetchAll,metadata,MetadataScan,metadata-source,100,10,720,0,1,0.000000
220,CentralFetchAll,history,HistoricalScan,historical-source,1000000,1000000,80000000,0,100,0.000041
220,CentralFetchAll,join,HashJoin,coordinator,24010,2400,0,0,0,0.000000
221,AggregateAll,live,LiveWindow,live-source,24000,24000,1920000,0,100,0.001416
221,AggregateAll,metadata,MetadataScan,metadata-source,100,10,720,0,1,0.000000
221,AggregateAll,history,HistoricalAVG,historical-source,1000000,100,4800,0,100,0.000000
221,AggregateAll,join,HashJoin,coordinator,24010,2400,0,0,0,0.000000
222,LiveFirst,live,LiveWindow,live-source,24000,24000,1920000,0,100,0.001292
222,LiveFirst,metadata,MetadataScan,metadata-source,100,10,720,0,1,0.000041
222,LiveFirst,history,HistoricalAVG,historical-source,1000000,100,4800,0,100,0.000000
222,LiveFirst,join,HashJoin,coordinator,24010,2400,0,0,0,0.000000
223,MetadataFirst,live,LiveWindow,live-source,24000,2400,192000,0,10,0.001250
223,MetadataFirst,metadata,MetadataScan,metadata-source,100,10,720,0,1,0.000041
223,MetadataFirst,history,HistoricalAVG,historical-source,100000,10,480,0,10,0.000000
223,MetadataFirst,join,BindJoin,coordinator,2410,2400,0,0,0,0.000000
224,LiveMetadataSemiJoin,live,LiveWindow,live-source,24000,24000,1920000,0,100,0.001208
224,LiveMetadataSemiJoin,metadata,MetadataScan,metadata-source,100,10,720,4400,1,0.000000
224,LiveMetadataSemiJoin,keys,SemiJoin,coordinator,100,10,4400,4400,1,0.000000
224,LiveMetadataSemiJoin,history,HistoricalAVG,historical-source,100000,10,480,0,10,0.000000
224,LiveMetadataSemiJoin,join,SemiJoin,coordinator,110,10,0,0,0,0.000000
225,CentralFetchAll,live,LiveWindow,live-source,24000,24000,1920000,0,100,0.002041
225,CentralFetchAll,metadata,MetadataScan,metadata-source,100,25,1800,0,1,0.000042
225,CentralFetchAll,history,HistoricalScan,historical-source,1000000,1000000,80000000,0,100,0.000000
225,CentralFetchAll,join,HashJoin,coordinator,24025,6000,0,0,0,0.000000
226,AggregateAll,live,LiveWindow,live-source,24000,24000,1920000,0,100,0.001833
226,AggregateAll,metadata,MetadataScan,metadata-source,100,25,1800,0,1,0.000000
226,AggregateAll,history,HistoricalAVG,historical-source,1000000,100,4800,0,100,0.000041
226,AggregateAll,join,HashJoin,coordinator,24025,6000,0,0,0,0.000042
227,LiveFirst,live,LiveWindow,live-source,24000,24000,1920000,0,100,0.001583
227,LiveFirst,metadata,MetadataScan,metadata-source,100,25,1800,0,1,0.000041
227,LiveFirst,history,HistoricalAVG,historical-source,1000000,100,4800,0,100,0.000000
227,LiveFirst,join,HashJoin,coordinator,24025,6000,0,0,0,0.000000
228,MetadataFirst,live,LiveWindow,live-source,24000,6000,480000,0,25,0.001625
228,MetadataFirst,metadata,MetadataScan,metadata-source,100,25,1800,0,1,0.000000
228,MetadataFirst,history,HistoricalAVG,historical-source,250000,25,1200,0,25,0.000041
228,MetadataFirst,join,BindJoin,coordinator,6025,6000,0,0,0,0.000000
229,LiveMetadataSemiJoin,live,LiveWindow,live-source,24000,24000,1920000,0,100,0.001542
229,LiveMetadataSemiJoin,metadata,MetadataScan,metadata-source,100,25,1800,5000,1,0.000042
229,LiveMetadataSemiJoin,keys,SemiJoin,coordinator,100,25,5000,5000,1,0.000042
229,LiveMetadataSemiJoin,history,HistoricalAVG,historical-source,250000,25,1200,0,25,0.000041
229,LiveMetadataSemiJoin,join,SemiJoin,coordinator,125,25,0,0,0,0.000000
230,CentralFetchAll,live,LiveWindow,live-source,24000,24000,1920000,0,100,0.002458
230,CentralFetchAll,metadata,MetadataScan,metadata-source,100,50,3600,0,1,0.000041
230,CentralFetchAll,history,HistoricalScan,historical-source,1000000,1000000,80000000,0,100,0.000000
230,CentralFetchAll,join,HashJoin,coordinator,24050,12000,0,0,0,0.000041
231,AggregateAll,live,LiveWindow,live-source,24000,24000,1920000,0,100,0.001958
231,AggregateAll,metadata,MetadataScan,metadata-source,100,50,3600,0,1,0.000000
231,AggregateAll,history,HistoricalAVG,historical-source,1000000,100,4800,0,100,0.000042
231,AggregateAll,join,HashJoin,coordinator,24050,12000,0,0,0,0.000041
232,LiveFirst,live,LiveWindow,live-source,24000,24000,1920000,0,100,0.001958
232,LiveFirst,metadata,MetadataScan,metadata-source,100,50,3600,0,1,0.000042
232,LiveFirst,history,HistoricalAVG,historical-source,1000000,100,4800,0,100,0.000000
232,LiveFirst,join,HashJoin,coordinator,24050,12000,0,0,0,0.000000
233,MetadataFirst,live,LiveWindow,live-source,24000,12000,960000,0,50,0.001959
233,MetadataFirst,metadata,MetadataScan,metadata-source,100,50,3600,0,1,0.000000
233,MetadataFirst,history,HistoricalAVG,historical-source,500000,50,2400,0,50,0.000042
233,MetadataFirst,join,BindJoin,coordinator,12050,12000,0,0,0,0.000000
234,LiveMetadataSemiJoin,live,LiveWindow,live-source,24000,24000,1920000,0,100,0.001917
234,LiveMetadataSemiJoin,metadata,MetadataScan,metadata-source,100,50,3600,6000,1,0.000000
234,LiveMetadataSemiJoin,keys,SemiJoin,coordinator,100,50,6000,6000,1,0.000000
234,LiveMetadataSemiJoin,history,HistoricalAVG,historical-source,500000,50,2400,0,50,0.000042
234,LiveMetadataSemiJoin,join,SemiJoin,coordinator,150,50,0,0,0,0.000041
235,CentralFetchAll,live,LiveWindow,live-source,24000,24000,1920000,0,100,0.002666
235,CentralFetchAll,metadata,MetadataScan,metadata-source,100,75,5400,0,1,0.000000
235,CentralFetchAll,history,HistoricalScan,historical-source,1000000,1000000,80000000,0,100,0.000000
235,CentralFetchAll,join,HashJoin,coordinator,24075,18000,0,0,0,0.000000
236,AggregateAll,live,LiveWindow,live-source,24000,24000,1920000,0,100,0.002583
236,AggregateAll,metadata,MetadataScan,metadata-source,100,75,5400,0,1,0.000000
236,AggregateAll,history,HistoricalAVG,historical-source,1000000,100,4800,0,100,0.000000
236,AggregateAll,join,HashJoin,coordinator,24075,18000,0,0,0,0.000000
237,LiveFirst,live,LiveWindow,live-source,24000,24000,1920000,0,100,0.002500
237,LiveFirst,metadata,MetadataScan,metadata-source,100,75,5400,0,1,0.000000
237,LiveFirst,history,HistoricalAVG,historical-source,1000000,100,4800,0,100,0.000042
237,LiveFirst,join,HashJoin,coordinator,24075,18000,0,0,0,0.000041
238,MetadataFirst,live,LiveWindow,live-source,24000,18000,1440000,0,75,0.002292
238,MetadataFirst,metadata,MetadataScan,metadata-source,100,75,5400,0,1,0.000042
238,MetadataFirst,history,HistoricalAVG,historical-source,750000,75,3600,0,75,0.000000
238,MetadataFirst,join,BindJoin,coordinator,18075,18000,0,0,0,0.000000
239,LiveMetadataSemiJoin,live,LiveWindow,live-source,24000,24000,1920000,0,100,0.002291
239,LiveMetadataSemiJoin,metadata,MetadataScan,metadata-source,100,75,5400,7000,1,0.000000
239,LiveMetadataSemiJoin,keys,SemiJoin,coordinator,100,75,7000,7000,1,0.000000
239,LiveMetadataSemiJoin,history,HistoricalAVG,historical-source,750000,75,3600,0,75,0.000000
239,LiveMetadataSemiJoin,join,SemiJoin,coordinator,175,75,0,0,0,0.000000
240,CentralFetchAll,live,LiveWindow,live-source,24000,24000,1920000,0,100,0.002625
240,CentralFetchAll,metadata,MetadataScan,metadata-source,100,100,7200,0,1,0.000000
240,CentralFetchAll,history,HistoricalScan,historical-source,1000000,1000000,80000000,0,100,0.000000
240,CentralFetchAll,join,HashJoin,coordinator,24100,24000,0,0,0,0.000042
241,AggregateAll,live,LiveWindow,live-source,24000,24000,1920000,0,100,0.002416
241,AggregateAll,metadata,MetadataScan,metadata-source,100,100,7200,0,1,0.000000
241,AggregateAll,history,HistoricalAVG,historical-source,1000000,100,4800,0,100,0.000041
241,AggregateAll,join,HashJoin,coordinator,24100,24000,0,0,0,0.000042
242,LiveFirst,live,LiveWindow,live-source,24000,24000,1920000,0,100,0.002458
242,LiveFirst,metadata,MetadataScan,metadata-source,100,100,7200,0,1,0.000000
242,LiveFirst,history,HistoricalAVG,historical-source,1000000,100,4800,0,100,0.000041
242,LiveFirst,join,HashJoin,coordinator,24100,24000,0,0,0,0.000042
243,MetadataFirst,live,LiveWindow,live-source,24000,24000,1920000,0,100,0.002209
243,MetadataFirst,metadata,MetadataScan,metadata-source,100,100,7200,0,1,0.000000
243,MetadataFirst,history,HistoricalAVG,historical-source,1000000,100,4800,0,100,0.000000
243,MetadataFirst,join,BindJoin,coordinator,24100,24000,0,0,0,0.000000
244,LiveMetadataSemiJoin,live,LiveWindow,live-source,24000,24000,1920000,0,100,0.002250
244,LiveMetadataSemiJoin,metadata,MetadataScan,metadata-source,100,100,7200,8000,1,0.000000
244,LiveMetadataSemiJoin,keys,SemiJoin,coordinator,100,100,8000,8000,1,0.000000
244,LiveMetadataSemiJoin,history,HistoricalAVG,historical-source,1000000,100,4800,0,100,0.000000
244,LiveMetadataSemiJoin,join,SemiJoin,coordinator,200,100,0,0,0,0.000000
