strategy,historical_sensors,historical_observations,historical_observations_per_sensor,live_sensors,repetition,random_seed,total_latency_ms,historical_source_time_ms,coordinator_time_ms,historical_entities_looked_up,historical_records_scanned,historical_records_matched,historical_records_returned,live_records_processed,bytes_sent_to_historical_source,bytes_received_from_historical_source,total_bytes_transferred,source_requests,result_count,result_hash
fetch-all,100000,10000000,100,10,0,17,8.237333,8.230166,0.007292,100000,10000000,10000000,10000000,10,0,240000000,240000120,2,10,496238227422992980
fetch-all,100000,10000000,100,10,1,17,7.554208,7.551667,0.002500,100000,10000000,10000000,10000000,10,0,240000000,240000120,2,10,496238227422992980
fetch-all,100000,10000000,100,10,2,17,7.855666,7.853375,0.002250,100000,10000000,10000000,10000000,10,0,240000000,240000120,2,10,496238227422992980
aggregate-pushdown,100000,10000000,100,10,0,17,7.270875,7.268833,0.002000,100000,10000000,10000000,100000,10,0,1200000,1200120,2,10,496238227422992980
aggregate-pushdown,100000,10000000,100,10,1,17,7.085250,7.083167,0.002084,100000,10000000,10000000,100000,10,0,1200000,1200120,2,10,496238227422992980
aggregate-pushdown,100000,10000000,100,10,2,17,7.412875,7.410625,0.002292,100000,10000000,10000000,100000,10,0,1200000,1200120,2,10,496238227422992980
bind-join,100000,10000000,100,10,0,17,0.001333,0.000750,0.000584,10,1000,1000,10,10,40,120,280,2,10,496238227422992980
bind-join,100000,10000000,100,10,1,17,0.002625,0.000709,0.001958,10,1000,1000,10,10,40,120,280,2,10,496238227422992980
bind-join,100000,10000000,100,10,2,17,0.001292,0.000750,0.000500,10,1000,1000,10,10,40,120,280,2,10,496238227422992980
fetch-all,100000,10000000,100,100,0,17,7.251250,7.235750,0.015500,100000,10000000,10000000,10000000,100,0,240000000,240001200,2,100,14789835742191583177
fetch-all,100000,10000000,100,100,1,17,7.555417,7.542750,0.012708,100000,10000000,10000000,10000000,100,0,240000000,240001200,2,100,14789835742191583177
fetch-all,100000,10000000,100,100,2,17,7.950709,7.940417,0.010209,100000,10000000,10000000,10000000,100,0,240000000,240001200,2,100,14789835742191583177
aggregate-pushdown,100000,10000000,100,100,0,17,6.955750,6.940417,0.015333,100000,10000000,10000000,100000,100,0,1200000,1201200,2,100,14789835742191583177
aggregate-pushdown,100000,10000000,100,100,1,17,6.692708,6.682708,0.009958,100000,10000000,10000000,100000,100,0,1200000,1201200,2,100,14789835742191583177
aggregate-pushdown,100000,10000000,100,100,2,17,6.901709,6.893292,0.008417,100000,10000000,10000000,100000,100,0,1200000,1201200,2,100,14789835742191583177
bind-join,100000,10000000,100,100,0,17,0.012250,0.007166,0.005042,100,10000,10000,100,100,400,1200,2800,2,100,14789835742191583177
bind-join,100000,10000000,100,100,1,17,0.011917,0.007000,0.004875,100,10000,10000,100,100,400,1200,2800,2,100,14789835742191583177
bind-join,100000,10000000,100,100,2,17,0.011375,0.006750,0.004584,100,10000,10000,100,100,400,1200,2800,2,100,14789835742191583177
fetch-all,100000,10000000,100,1000,0,17,6.607708,6.545084,0.062625,100000,10000000,10000000,10000000,1000,0,240000000,240012000,2,1000,8851256960392883495
fetch-all,100000,10000000,100,1000,1,17,6.735584,6.660667,0.074875,100000,10000000,10000000,10000000,1000,0,240000000,240012000,2,1000,8851256960392883495
fetch-all,100000,10000000,100,1000,2,17,7.079167,7.003250,0.075875,100000,10000000,10000000,10000000,1000,0,240000000,240012000,2,1000,8851256960392883495
aggregate-pushdown,100000,10000000,100,1000,0,17,6.524375,6.465583,0.058792,100000,10000000,10000000,100000,1000,0,1200000,1212000,2,1000,8851256960392883495
aggregate-pushdown,100000,10000000,100,1000,1,17,7.042958,6.983125,0.059791,100000,10000000,10000000,100000,1000,0,1200000,1212000,2,1000,8851256960392883495
aggregate-pushdown,100000,10000000,100,1000,2,17,6.890416,6.828208,0.062250,100000,10000000,10000000,100000,1000,0,1200000,1212000,2,1000,8851256960392883495
bind-join,100000,10000000,100,1000,0,17,0.116084,0.071125,0.044916,1000,100000,100000,1000,1000,4000,12000,28000,2,1000,8851256960392883495
bind-join,100000,10000000,100,1000,1,17,0.112916,0.071416,0.041500,1000,100000,100000,1000,1000,4000,12000,28000,2,1000,8851256960392883495
bind-join,100000,10000000,100,1000,2,17,0.111375,0.069500,0.041916,1000,100000,100000,1000,1000,4000,12000,28000,2,1000,8851256960392883495
fetch-all,100000,10000000,100,5000,0,17,6.787000,6.509667,0.277375,100000,10000000,10000000,10000000,5000,0,240000000,240060000,2,5000,4628175296057855655
fetch-all,100000,10000000,100,5000,1,17,7.135709,6.858125,0.277584,100000,10000000,10000000,10000000,5000,0,240000000,240060000,2,5000,4628175296057855655
fetch-all,100000,10000000,100,5000,2,17,7.086458,6.813500,0.272958,100000,10000000,10000000,10000000,5000,0,240000000,240060000,2,5000,4628175296057855655
aggregate-pushdown,100000,10000000,100,5000,0,17,6.916958,6.643500,0.273417,100000,10000000,10000000,100000,5000,0,1200000,1260000,2,5000,4628175296057855655
aggregate-pushdown,100000,10000000,100,5000,1,17,6.911250,6.650750,0.260500,100000,10000000,10000000,100000,5000,0,1200000,1260000,2,5000,4628175296057855655
aggregate-pushdown,100000,10000000,100,5000,2,17,7.068583,6.803916,0.264625,100000,10000000,10000000,100000,5000,0,1200000,1260000,2,5000,4628175296057855655
bind-join,100000,10000000,100,5000,0,17,1.041209,0.827750,0.213375,5000,500000,500000,5000,5000,20000,60000,140000,2,5000,4628175296057855655
bind-join,100000,10000000,100,5000,1,17,0.940833,0.743250,0.197625,5000,500000,500000,5000,5000,20000,60000,140000,2,5000,4628175296057855655
bind-join,100000,10000000,100,5000,2,17,0.795083,0.600416,0.194667,5000,500000,500000,5000,5000,20000,60000,140000,2,5000,4628175296057855655
fetch-all,100000,10000000,100,10000,0,17,6.954416,6.447542,0.506791,100000,10000000,10000000,10000000,10000,0,240000000,240120000,2,10000,13808986774228246291
fetch-all,100000,10000000,100,10000,1,17,6.953917,6.445583,0.505750,100000,10000000,10000000,10000000,10000,0,240000000,240120000,2,10000,13808986774228246291
fetch-all,100000,10000000,100,10000,2,17,7.347750,6.849042,0.498667,100000,10000000,10000000,10000000,10000,0,240000000,240120000,2,10000,13808986774228246291
aggregate-pushdown,100000,10000000,100,10000,0,17,6.974208,6.463833,0.510375,100000,10000000,10000000,100000,10000,0,1200000,1320000,2,10000,13808986774228246291
aggregate-pushdown,100000,10000000,100,10000,1,17,7.139458,6.645500,0.494000,100000,10000000,10000000,100000,10000,0,1200000,1320000,2,10000,13808986774228246291
aggregate-pushdown,100000,10000000,100,10000,2,17,7.218375,6.715833,0.502542,100000,10000000,10000000,100000,10000,0,1200000,1320000,2,10000,13808986774228246291
bind-join,100000,10000000,100,10000,0,17,2.480791,2.068000,0.412750,10000,1000000,1000000,10000,10000,40000,120000,280000,2,10000,13808986774228246291
bind-join,100000,10000000,100,10000,1,17,2.109459,1.693584,0.415875,10000,1000000,1000000,10000,10000,40000,120000,280000,2,10000,13808986774228246291
bind-join,100000,10000000,100,10000,2,17,1.967125,1.539875,0.427250,10000,1000000,1000000,10000,10000,40000,120000,280000,2,10000,13808986774228246291
fetch-all,100000,10000000,100,25000,0,17,8.137083,6.848083,1.289000,100000,10000000,10000000,10000000,25000,0,240000000,240300000,2,25000,17253758056148863903
fetch-all,100000,10000000,100,25000,1,17,8.222708,6.946417,1.276333,100000,10000000,10000000,10000000,25000,0,240000000,240300000,2,25000,17253758056148863903
fetch-all,100000,10000000,100,25000,2,17,8.047708,6.762292,1.285375,100000,10000000,10000000,10000000,25000,0,240000000,240300000,2,25000,17253758056148863903
aggregate-pushdown,100000,10000000,100,25000,0,17,7.805125,6.544292,1.260875,100000,10000000,10000000,100000,25000,0,1200000,1500000,2,25000,17253758056148863903
aggregate-pushdown,100000,10000000,100,25000,1,17,7.962792,6.705833,1.257000,100000,10000000,10000000,100000,25000,0,1200000,1500000,2,25000,17253758056148863903
aggregate-pushdown,100000,10000000,100,25000,2,17,7.943417,6.717375,1.225917,100000,10000000,10000000,100000,25000,0,1200000,1500000,2,25000,17253758056148863903
bind-join,100000,10000000,100,25000,0,17,7.066000,5.911584,1.154458,25000,2500000,2500000,25000,25000,100000,300000,700000,2,25000,17253758056148863903
bind-join,100000,10000000,100,25000,1,17,6.983167,5.857084,1.126083,25000,2500000,2500000,25000,25000,100000,300000,700000,2,25000,17253758056148863903
bind-join,100000,10000000,100,25000,2,17,6.932833,5.811875,1.120959,25000,2500000,2500000,25000,25000,100000,300000,700000,2,25000,17253758056148863903
fetch-all,100000,10000000,100,50000,0,17,9.759709,7.274250,2.485375,100000,10000000,10000000,10000000,50000,0,240000000,240600000,2,50000,3994464885379507475
fetch-all,100000,10000000,100,50000,1,17,9.556292,7.085500,2.470791,100000,10000000,10000000,10000000,50000,0,240000000,240600000,2,50000,3994464885379507475
fetch-all,100000,10000000,100,50000,2,17,9.227791,6.777875,2.449916,100000,10000000,10000000,10000000,50000,0,240000000,240600000,2,50000,3994464885379507475
aggregate-pushdown,100000,10000000,100,50000,0,17,9.420875,6.901042,2.519750,100000,10000000,10000000,100000,50000,0,1200000,1800000,2,50000,3994464885379507475
aggregate-pushdown,100000,10000000,100,50000,1,17,9.307958,6.820291,2.487667,100000,10000000,10000000,100000,50000,0,1200000,1800000,2,50000,3994464885379507475
aggregate-pushdown,100000,10000000,100,50000,2,17,9.328583,6.850167,2.478333,100000,10000000,10000000,100000,50000,0,1200000,1800000,2,50000,3994464885379507475
bind-join,100000,10000000,100,50000,0,17,14.442125,11.985708,2.456458,50000,5000000,5000000,50000,50000,200000,600000,1400000,2,50000,3994464885379507475
bind-join,100000,10000000,100,50000,1,17,14.143458,11.738542,2.404958,50000,5000000,5000000,50000,50000,200000,600000,1400000,2,50000,3994464885379507475
bind-join,100000,10000000,100,50000,2,17,14.409791,12.008625,2.401125,50000,5000000,5000000,50000,50000,200000,600000,1400000,2,50000,3994464885379507475
fetch-all,100000,10000000,100,75000,0,17,10.245375,6.531334,3.714000,100000,10000000,10000000,10000000,75000,0,240000000,240900000,2,75000,13791299219565850647
fetch-all,100000,10000000,100,75000,1,17,10.694416,7.045250,3.649209,100000,10000000,10000000,10000000,75000,0,240000000,240900000,2,75000,13791299219565850647
fetch-all,100000,10000000,100,75000,2,17,11.085125,7.380125,3.705041,100000,10000000,10000000,10000000,75000,0,240000000,240900000,2,75000,13791299219565850647
aggregate-pushdown,100000,10000000,100,75000,0,17,10.360417,6.635500,3.724958,100000,10000000,10000000,100000,75000,0,1200000,2100000,2,75000,13791299219565850647
aggregate-pushdown,100000,10000000,100,75000,1,17,10.362333,6.710584,3.651708,100000,10000000,10000000,100000,75000,0,1200000,2100000,2,75000,13791299219565850647
aggregate-pushdown,100000,10000000,100,75000,2,17,10.433167,6.825833,3.607375,100000,10000000,10000000,100000,75000,0,1200000,2100000,2,75000,13791299219565850647
bind-join,100000,10000000,100,75000,0,17,22.797959,18.779250,4.018667,75000,7500000,7500000,75000,75000,300000,900000,2100000,2,75000,13791299219565850647
bind-join,100000,10000000,100,75000,1,17,22.230916,18.316583,3.914291,75000,7500000,7500000,75000,75000,300000,900000,2100000,2,75000,13791299219565850647
bind-join,100000,10000000,100,75000,2,17,23.331167,19.252375,4.078750,75000,7500000,7500000,75000,75000,300000,900000,2100000,2,75000,13791299219565850647
fetch-all,100000,10000000,100,100000,0,17,11.832334,6.864750,4.967583,100000,10000000,10000000,10000000,100000,0,240000000,241200000,2,100000,17440586973807687071
fetch-all,100000,10000000,100,100000,1,17,11.659375,6.725875,4.933500,100000,10000000,10000000,10000000,100000,0,240000000,241200000,2,100000,17440586973807687071
fetch-all,100000,10000000,100,100000,2,17,11.661375,6.652417,5.008958,100000,10000000,10000000,10000000,100000,0,240000000,241200000,2,100000,17440586973807687071
aggregate-pushdown,100000,10000000,100,100000,0,17,11.926125,6.779458,5.146625,100000,10000000,10000000,100000,100000,0,1200000,2400000,2,100000,17440586973807687071
aggregate-pushdown,100000,10000000,100,100000,1,17,11.812292,6.797375,5.014875,100000,10000000,10000000,100000,100000,0,1200000,2400000,2,100000,17440586973807687071
aggregate-pushdown,100000,10000000,100,100000,2,17,11.707167,6.724042,4.983166,100000,10000000,10000000,100000,100000,0,1200000,2400000,2,100000,17440586973807687071
bind-join,100000,10000000,100,100000,0,17,30.708375,25.581375,5.127000,100000,10000000,10000000,100000,100000,400000,1200000,2800000,2,100000,17440586973807687071
bind-join,100000,10000000,100,100000,1,17,31.293667,25.946958,5.346667,100000,10000000,10000000,100000,100000,400000,1200000,2800000,2,100000,17440586973807687071
bind-join,100000,10000000,100,100000,2,17,32.426000,26.914334,5.511666,100000,10000000,10000000,100000,100000,400000,1200000,2800000,2,100000,17440586973807687071
