strategy,source_pairs,historical_observations_per_source,active_live_fraction,active_live_sources,repetition,logical_query_count,logical_branch_count,live_sources_declared,historical_sources_declared,live_sources_contacted,live_sources_with_results,historical_sources_contacted,historical_sources_skipped,source_requests,historical_records_scanned,historical_records_returned,raw_records_transferred,aggregate_rows_transferred,total_bytes_transferred,total_execution_ms,live_phase_ms,historical_phase_ms,coordinator_ms,query_parse_ms,query_lowering_ms,query_decomposition_ms,result_count,result_hash
fetch-all-sources,1,10000,0.1,1,0,1,1,1,1,1,1,1,0,2,10000,10000,10000,0,1180012,1.733542,0.002333,1.729458,0.001542,excluded,excluded,excluded,1,14708463868867433843
fetch-all-sources,1,10000,0.1,1,1,1,1,1,1,1,1,1,0,2,10000,10000,10000,0,1180012,1.727125,0.001208,1.723625,0.002083,excluded,excluded,excluded,1,14708463868867433843
fetch-all-sources,1,10000,0.1,1,2,1,1,1,1,1,1,1,0,2,10000,10000,10000,0,1180012,1.495833,0.000792,1.493458,0.001166,excluded,excluded,excluded,1,14708463868867433843
fetch-all-sources,1,10000,0.1,1,3,1,1,1,1,1,1,1,0,2,10000,10000,10000,0,1180012,1.452625,0.001083,1.450500,0.000833,excluded,excluded,excluded,1,14708463868867433843
fetch-all-sources,1,10000,0.1,1,4,1,1,1,1,1,1,1,0,2,10000,10000,10000,0,1180012,2.197042,0.003084,2.192334,0.001500,excluded,excluded,excluded,1,14708463868867433843
aggregate-all-sources,1,10000,0.1,1,0,1,1,1,1,1,1,1,0,2,10000,1,0,1,24,0.334917,0.003208,0.331375,0.000125,excluded,excluded,excluded,1,14708463868867433843
aggregate-all-sources,1,10000,0.1,1,1,1,1,1,1,1,1,1,0,2,10000,1,0,1,24,0.359917,0.000334,0.359333,0.000083,excluded,excluded,excluded,1,14708463868867433843
aggregate-all-sources,1,10000,0.1,1,2,1,1,1,1,1,1,1,0,2,10000,1,0,1,24,0.392250,0.000209,0.390625,0.001292,excluded,excluded,excluded,1,14708463868867433843
aggregate-all-sources,1,10000,0.1,1,3,1,1,1,1,1,1,1,0,2,10000,1,0,1,24,0.514167,0.002042,0.511041,0.000500,excluded,excluded,excluded,1,14708463868867433843
aggregate-all-sources,1,10000,0.1,1,4,1,1,1,1,1,1,1,0,2,10000,1,0,1,24,0.744834,0.000792,0.743125,0.000542,excluded,excluded,excluded,1,14708463868867433843
live-first-source-selection,1,10000,0.1,1,0,1,1,1,1,1,1,1,0,2,10000,1,0,1,24,0.311875,0.000417,0.311334,0.000042,excluded,excluded,excluded,1,14708463868867433843
live-first-source-selection,1,10000,0.1,1,1,1,1,1,1,1,1,1,0,2,10000,1,0,1,24,0.307458,0.000125,0.307167,0.000083,excluded,excluded,excluded,1,14708463868867433843
live-first-source-selection,1,10000,0.1,1,2,1,1,1,1,1,1,1,0,2,10000,1,0,1,24,0.305542,0.000125,0.305250,0.000042,excluded,excluded,excluded,1,14708463868867433843
live-first-source-selection,1,10000,0.1,1,3,1,1,1,1,1,1,1,0,2,10000,1,0,1,24,0.308833,0.000166,0.308542,0.000083,excluded,excluded,excluded,1,14708463868867433843
live-first-source-selection,1,10000,0.1,1,4,1,1,1,1,1,1,1,0,2,10000,1,0,1,24,0.306917,0.000167,0.306666,0.000000,excluded,excluded,excluded,1,14708463868867433843
fetch-all-sources,5,10000,0.1,1,0,1,5,5,5,5,1,5,0,10,50000,50000,50000,0,5900012,7.076833,0.001833,7.072958,0.001166,excluded,excluded,excluded,1,14708463868867433843
fetch-all-sources,5,10000,0.1,1,1,1,5,5,5,5,1,5,0,10,50000,50000,50000,0,5900012,8.654875,0.001500,8.651667,0.001334,excluded,excluded,excluded,1,14708463868867433843
fetch-all-sources,5,10000,0.1,1,2,1,5,5,5,5,1,5,0,10,50000,50000,50000,0,5900012,7.219000,0.002167,7.215333,0.000916,excluded,excluded,excluded,1,14708463868867433843
fetch-all-sources,5,10000,0.1,1,3,1,5,5,5,5,1,5,0,10,50000,50000,50000,0,5900012,7.256875,0.000875,7.254708,0.001000,excluded,excluded,excluded,1,14708463868867433843
fetch-all-sources,5,10000,0.1,1,4,1,5,5,5,5,1,5,0,10,50000,50000,50000,0,5900012,6.948041,0.001959,6.945000,0.000708,excluded,excluded,excluded,1,14708463868867433843
aggregate-all-sources,5,10000,0.1,1,0,1,5,5,5,5,1,5,0,10,50000,5,0,5,72,1.425375,0.000292,1.424917,0.000042,excluded,excluded,excluded,1,14708463868867433843
aggregate-all-sources,5,10000,0.1,1,1,1,5,5,5,5,1,5,0,10,50000,5,0,5,72,1.531125,0.000292,1.530209,0.000500,excluded,excluded,excluded,1,14708463868867433843
aggregate-all-sources,5,10000,0.1,1,2,1,5,5,5,5,1,5,0,10,50000,5,0,5,72,1.544042,0.001000,1.542334,0.000417,excluded,excluded,excluded,1,14708463868867433843
aggregate-all-sources,5,10000,0.1,1,3,1,5,5,5,5,1,5,0,10,50000,5,0,5,72,1.472750,0.000834,1.471542,0.000125,excluded,excluded,excluded,1,14708463868867433843
aggregate-all-sources,5,10000,0.1,1,4,1,5,5,5,5,1,5,0,10,50000,5,0,5,72,1.420667,0.000375,1.419959,0.000042,excluded,excluded,excluded,1,14708463868867433843
live-first-source-selection,5,10000,0.1,1,0,1,5,5,5,5,1,1,4,6,10000,1,0,1,24,0.289000,0.000292,0.288500,0.000125,excluded,excluded,excluded,1,14708463868867433843
live-first-source-selection,5,10000,0.1,1,1,1,5,5,5,5,1,1,4,6,10000,1,0,1,24,0.283625,0.000292,0.283125,0.000042,excluded,excluded,excluded,1,14708463868867433843
live-first-source-selection,5,10000,0.1,1,2,1,5,5,5,5,1,1,4,6,10000,1,0,1,24,0.284292,0.000250,0.283917,0.000042,excluded,excluded,excluded,1,14708463868867433843
live-first-source-selection,5,10000,0.1,1,3,1,5,5,5,5,1,1,4,6,10000,1,0,1,24,0.280958,0.000250,0.280500,0.000041,excluded,excluded,excluded,1,14708463868867433843
live-first-source-selection,5,10000,0.1,1,4,1,5,5,5,5,1,1,4,6,10000,1,0,1,24,0.281625,0.000209,0.281250,0.000042,excluded,excluded,excluded,1,14708463868867433843
fetch-all-sources,10,10000,0.1,1,0,1,10,10,10,10,1,10,0,20,100000,100000,100000,0,11810012,13.741042,0.002334,13.737083,0.000958,excluded,excluded,excluded,1,14708463868867433843
fetch-all-sources,10,10000,0.1,1,1,1,10,10,10,10,1,10,0,20,100000,100000,100000,0,11810012,14.211000,0.001459,14.208041,0.001208,excluded,excluded,excluded,1,14708463868867433843
fetch-all-sources,10,10000,0.1,1,2,1,10,10,10,10,1,10,0,20,100000,100000,100000,0,11810012,13.534625,0.002250,13.530917,0.001000,excluded,excluded,excluded,1,14708463868867433843
fetch-all-sources,10,10000,0.1,1,3,1,10,10,10,10,1,10,0,20,100000,100000,100000,0,11810012,13.662916,0.001750,13.659833,0.001042,excluded,excluded,excluded,1,14708463868867433843
fetch-all-sources,10,10000,0.1,1,4,1,10,10,10,10,1,10,0,20,100000,100000,100000,0,11810012,14.094958,0.001917,14.091459,0.001291,excluded,excluded,excluded,1,14708463868867433843
aggregate-all-sources,10,10000,0.1,1,0,1,10,10,10,10,1,10,0,20,100000,10,0,10,132,3.002000,0.000791,3.000792,0.000083,excluded,excluded,excluded,1,14708463868867433843
aggregate-all-sources,10,10000,0.1,1,1,1,10,10,10,10,1,10,0,20,100000,10,0,10,132,3.008417,0.000542,3.007584,0.000084,excluded,excluded,excluded,1,14708463868867433843
aggregate-all-sources,10,10000,0.1,1,2,1,10,10,10,10,1,10,0,20,100000,10,0,10,132,3.016166,0.000459,3.015375,0.000084,excluded,excluded,excluded,1,14708463868867433843
aggregate-all-sources,10,10000,0.1,1,3,1,10,10,10,10,1,10,0,20,100000,10,0,10,132,3.004667,0.000584,3.003792,0.000083,excluded,excluded,excluded,1,14708463868867433843
aggregate-all-sources,10,10000,0.1,1,4,1,10,10,10,10,1,10,0,20,100000,10,0,10,132,3.000833,0.000500,3.000000,0.000084,excluded,excluded,excluded,1,14708463868867433843
live-first-source-selection,10,10000,0.1,1,0,1,10,10,10,10,1,1,9,11,10000,1,0,1,24,0.300542,0.000584,0.299750,0.000083,excluded,excluded,excluded,1,14708463868867433843
live-first-source-selection,10,10000,0.1,1,1,1,10,10,10,10,1,1,9,11,10000,1,0,1,24,0.300375,0.000500,0.299667,0.000041,excluded,excluded,excluded,1,14708463868867433843
live-first-source-selection,10,10000,0.1,1,2,1,10,10,10,10,1,1,9,11,10000,1,0,1,24,0.303625,0.000500,0.303000,0.000084,excluded,excluded,excluded,1,14708463868867433843
live-first-source-selection,10,10000,0.1,1,3,1,10,10,10,10,1,1,9,11,10000,1,0,1,24,0.300125,0.000500,0.299458,0.000041,excluded,excluded,excluded,1,14708463868867433843
live-first-source-selection,10,10000,0.1,1,4,1,10,10,10,10,1,1,9,11,10000,1,0,1,24,0.307084,0.000500,0.306417,0.000042,excluded,excluded,excluded,1,14708463868867433843
fetch-all-sources,25,10000,0.1,3,0,1,25,25,25,25,3,25,0,50,250000,250000,250000,0,29660036,33.695416,0.004167,33.689084,0.001500,excluded,excluded,excluded,3,6178897026408693386
fetch-all-sources,25,10000,0.1,3,1,1,25,25,25,25,3,25,0,50,250000,250000,250000,0,29660036,34.005042,0.002667,34.000708,0.001208,excluded,excluded,excluded,3,6178897026408693386
fetch-all-sources,25,10000,0.1,3,2,1,25,25,25,25,3,25,0,50,250000,250000,250000,0,29660036,33.968292,0.002458,33.964333,0.001125,excluded,excluded,excluded,3,6178897026408693386
fetch-all-sources,25,10000,0.1,3,3,1,25,25,25,25,3,25,0,50,250000,250000,250000,0,29660036,34.398541,0.002292,34.394750,0.001083,excluded,excluded,excluded,3,6178897026408693386
fetch-all-sources,25,10000,0.1,3,4,1,25,25,25,25,3,25,0,50,250000,250000,250000,0,29660036,33.875209,0.002334,33.871083,0.001417,excluded,excluded,excluded,3,6178897026408693386
aggregate-all-sources,25,10000,0.1,3,0,1,25,25,25,25,3,25,0,50,250000,25,0,25,336,7.622791,0.001917,7.619958,0.000333,excluded,excluded,excluded,3,6178897026408693386
aggregate-all-sources,25,10000,0.1,3,1,1,25,25,25,25,3,25,0,50,250000,25,0,25,336,7.561833,0.001583,7.559375,0.000334,excluded,excluded,excluded,3,6178897026408693386
aggregate-all-sources,25,10000,0.1,3,2,1,25,25,25,25,3,25,0,50,250000,25,0,25,336,7.493250,0.001500,7.491083,0.000375,excluded,excluded,excluded,3,6178897026408693386
aggregate-all-sources,25,10000,0.1,3,3,1,25,25,25,25,3,25,0,50,250000,25,0,25,336,7.548417,0.001625,7.546125,0.000291,excluded,excluded,excluded,3,6178897026408693386
aggregate-all-sources,25,10000,0.1,3,4,1,25,25,25,25,3,25,0,50,250000,25,0,25,336,7.622083,0.001750,7.619708,0.000250,excluded,excluded,excluded,3,6178897026408693386
live-first-source-selection,25,10000,0.1,3,0,1,25,25,25,25,3,3,22,28,30000,3,0,3,72,0.913208,0.004542,0.908084,0.000208,excluded,excluded,excluded,3,6178897026408693386
live-first-source-selection,25,10000,0.1,3,1,1,25,25,25,25,3,3,22,28,30000,3,0,3,72,0.912500,0.002417,0.909667,0.000166,excluded,excluded,excluded,3,6178897026408693386
live-first-source-selection,25,10000,0.1,3,2,1,25,25,25,25,3,3,22,28,30000,3,0,3,72,0.908542,0.001583,0.906584,0.000167,excluded,excluded,excluded,3,6178897026408693386
live-first-source-selection,25,10000,0.1,3,3,1,25,25,25,25,3,3,22,28,30000,3,0,3,72,0.919417,0.001500,0.917584,0.000125,excluded,excluded,excluded,3,6178897026408693386
live-first-source-selection,25,10000,0.1,3,4,1,25,25,25,25,3,3,22,28,30000,3,0,3,72,0.915667,0.001417,0.913916,0.000167,excluded,excluded,excluded,3,6178897026408693386
fetch-all-sources,50,10000,0.1,5,0,1,50,50,50,50,5,50,0,100,500000,500000,500000,0,59410060,67.533000,0.007875,67.521333,0.002917,excluded,excluded,excluded,5,5253694295963796059
fetch-all-sources,50,10000,0.1,5,1,1,50,50,50,50,5,50,0,100,500000,500000,500000,0,59410060,67.365416,0.005625,67.356000,0.003166,excluded,excluded,excluded,5,5253694295963796059
fetch-all-sources,50,10000,0.1,5,2,1,50,50,50,50,5,50,0,100,500000,500000,500000,0,59410060,66.530833,0.009708,66.517708,0.002458,excluded,excluded,excluded,5,5253694295963796059
fetch-all-sources,50,10000,0.1,5,3,1,50,50,50,50,5,50,0,100,500000,500000,500000,0,59410060,66.387833,0.007208,66.377542,0.002417,excluded,excluded,excluded,5,5253694295963796059
fetch-all-sources,50,10000,0.1,5,4,1,50,50,50,50,5,50,0,100,500000,500000,500000,0,59410060,66.255459,0.005167,66.247458,0.002125,excluded,excluded,excluded,5,5253694295963796059
aggregate-all-sources,50,10000,0.1,5,0,1,50,50,50,50,5,50,0,100,500000,50,0,50,660,14.552542,0.004209,14.546875,0.000833,excluded,excluded,excluded,5,5253694295963796059
aggregate-all-sources,50,10000,0.1,5,1,1,50,50,50,50,5,50,0,100,500000,50,0,50,660,14.525291,0.003750,14.520083,0.000792,excluded,excluded,excluded,5,5253694295963796059
aggregate-all-sources,50,10000,0.1,5,2,1,50,50,50,50,5,50,0,100,500000,50,0,50,660,14.529625,0.003666,14.524625,0.000792,excluded,excluded,excluded,5,5253694295963796059
aggregate-all-sources,50,10000,0.1,5,3,1,50,50,50,50,5,50,0,100,500000,50,0,50,660,15.631250,0.003791,15.623583,0.003042,excluded,excluded,excluded,5,5253694295963796059
aggregate-all-sources,50,10000,0.1,5,4,1,50,50,50,50,5,50,0,100,500000,50,0,50,660,15.268708,0.008666,15.257583,0.001417,excluded,excluded,excluded,5,5253694295963796059
live-first-source-selection,50,10000,0.1,5,0,1,50,50,50,50,5,5,45,55,50000,5,0,5,120,1.540125,0.003958,1.535375,0.000459,excluded,excluded,excluded,5,5253694295963796059
live-first-source-selection,50,10000,0.1,5,1,1,50,50,50,50,5,5,45,55,50000,5,0,5,120,1.539208,0.003458,1.535042,0.000375,excluded,excluded,excluded,5,5253694295963796059
live-first-source-selection,50,10000,0.1,5,2,1,50,50,50,50,5,5,45,55,50000,5,0,5,120,1.539042,0.003166,1.535125,0.000417,excluded,excluded,excluded,5,5253694295963796059
live-first-source-selection,50,10000,0.1,5,3,1,50,50,50,50,5,5,45,55,50000,5,0,5,120,1.538625,0.003209,1.534709,0.000375,excluded,excluded,excluded,5,5253694295963796059
live-first-source-selection,50,10000,0.1,5,4,1,50,50,50,50,5,5,45,55,50000,5,0,5,120,1.538291,0.003166,1.534417,0.000375,excluded,excluded,excluded,5,5253694295963796059
fetch-all-sources,100,10000,0.1,10,0,1,100,100,100,100,10,100,0,200,1000000,1000000,1000000,0,118920120,136.752166,0.017917,136.728291,0.004291,excluded,excluded,excluded,10,11866307917495975509
fetch-all-sources,100,10000,0.1,10,1,1,100,100,100,100,10,100,0,200,1000000,1000000,1000000,0,118920120,138.825458,0.013208,138.805667,0.005458,excluded,excluded,excluded,10,11866307917495975509
fetch-all-sources,100,10000,0.1,10,2,1,100,100,100,100,10,100,0,200,1000000,1000000,1000000,0,118920120,138.681000,0.020541,138.654625,0.004542,excluded,excluded,excluded,10,11866307917495975509
fetch-all-sources,100,10000,0.1,10,3,1,100,100,100,100,10,100,0,200,1000000,1000000,1000000,0,118920120,140.274375,0.016958,140.250834,0.005375,excluded,excluded,excluded,10,11866307917495975509
fetch-all-sources,100,10000,0.1,10,4,1,100,100,100,100,10,100,0,200,1000000,1000000,1000000,0,118920120,132.899667,0.020291,132.871125,0.006750,excluded,excluded,excluded,10,11866307917495975509
aggregate-all-sources,100,10000,0.1,10,0,1,100,100,100,100,10,100,0,200,1000000,100,0,100,1320,30.556250,0.015250,30.537583,0.002333,excluded,excluded,excluded,10,11866307917495975509
aggregate-all-sources,100,10000,0.1,10,1,1,100,100,100,100,10,100,0,200,1000000,100,0,100,1320,29.664792,0.011667,29.650125,0.002000,excluded,excluded,excluded,10,11866307917495975509
aggregate-all-sources,100,10000,0.1,10,2,1,100,100,100,100,10,100,0,200,1000000,100,0,100,1320,29.638459,0.009583,29.625625,0.002167,excluded,excluded,excluded,10,11866307917495975509
aggregate-all-sources,100,10000,0.1,10,3,1,100,100,100,100,10,100,0,200,1000000,100,0,100,1320,29.887708,0.008667,29.872625,0.005333,excluded,excluded,excluded,10,11866307917495975509
aggregate-all-sources,100,10000,0.1,10,4,1,100,100,100,100,10,100,0,200,1000000,100,0,100,1320,29.627791,0.008542,29.614000,0.003709,excluded,excluded,excluded,10,11866307917495975509
live-first-source-selection,100,10000,0.1,10,0,1,100,100,100,100,10,10,90,110,100000,10,0,10,240,2.892875,0.010875,2.880291,0.001000,excluded,excluded,excluded,10,11866307917495975509
live-first-source-selection,100,10000,0.1,10,1,1,100,100,100,100,10,10,90,110,100000,10,0,10,240,2.907750,0.008709,2.897375,0.001000,excluded,excluded,excluded,10,11866307917495975509
live-first-source-selection,100,10000,0.1,10,2,1,100,100,100,100,10,10,90,110,100000,10,0,10,240,2.898459,0.008125,2.888625,0.001000,excluded,excluded,excluded,10,11866307917495975509
live-first-source-selection,100,10000,0.1,10,3,1,100,100,100,100,10,10,90,110,100000,10,0,10,240,2.911208,0.007833,2.901667,0.001000,excluded,excluded,excluded,10,11866307917495975509
live-first-source-selection,100,10000,0.1,10,4,1,100,100,100,100,10,10,90,110,100000,10,0,10,240,2.921542,0.007542,2.912417,0.000959,excluded,excluded,excluded,10,11866307917495975509
