strategy,total_source_pairs,active_live_sources,active_live_fraction,repetition,logical_query_count,logical_branch_count,live_sources_declared,historical_sources_declared,live_sources_contacted,live_sources_with_results,historical_sources_contacted,historical_sources_skipped,source_requests,historical_records_scanned,historical_records_returned,raw_records_transferred,aggregate_rows_transferred,total_bytes_transferred,total_execution_ms,live_phase_ms,historical_phase_ms,coordinator_ms,query_parse_ms,query_lowering_ms,query_decomposition_ms,result_count,result_hash
fetch-all-sources,100,1,0.01,0,1,100,100,100,100,1,100,0,200,1000000,1000000,1000000,0,118920012,141.110833,0.024750,141.079917,0.004167,0.948167,0.000042,0.975666,1,14708463868867433843
fetch-all-sources,100,1,0.01,1,1,100,100,100,100,1,100,0,200,1000000,1000000,1000000,0,118920012,148.651542,0.024125,148.613875,0.011250,0.948167,0.000042,0.975666,1,14708463868867433843
fetch-all-sources,100,1,0.01,2,1,100,100,100,100,1,100,0,200,1000000,1000000,1000000,0,118920012,139.871583,0.034875,139.828208,0.005125,0.948167,0.000042,0.975666,1,14708463868867433843
fetch-all-sources,100,1,0.01,3,1,100,100,100,100,1,100,0,200,1000000,1000000,1000000,0,118920012,138.371583,0.021292,138.336917,0.005875,0.948167,0.000042,0.975666,1,14708463868867433843
fetch-all-sources,100,1,0.01,4,1,100,100,100,100,1,100,0,200,1000000,1000000,1000000,0,118920012,133.920875,0.022166,133.887167,0.003250,0.948167,0.000042,0.975666,1,14708463868867433843
aggregate-all-sources,100,1,0.01,0,1,100,100,100,100,1,100,0,200,1000000,100,0,100,1212,30.651458,0.010209,30.638667,0.001333,0.948167,0.000042,0.975666,1,14708463868867433843
aggregate-all-sources,100,1,0.01,1,1,100,100,100,100,1,100,0,200,1000000,100,0,100,1212,30.658667,0.008625,30.647542,0.001291,0.948167,0.000042,0.975666,1,14708463868867433843
aggregate-all-sources,100,1,0.01,2,1,100,100,100,100,1,100,0,200,1000000,100,0,100,1212,29.333459,0.008209,29.321958,0.001625,0.948167,0.000042,0.975666,1,14708463868867433843
aggregate-all-sources,100,1,0.01,3,1,100,100,100,100,1,100,0,200,1000000,100,0,100,1212,29.430792,0.008167,29.418917,0.001000,0.948167,0.000042,0.975666,1,14708463868867433843
aggregate-all-sources,100,1,0.01,4,1,100,100,100,100,1,100,0,200,1000000,100,0,100,1212,29.169333,0.007208,29.159917,0.001125,0.948167,0.000042,0.975666,1,14708463868867433843
live-first-source-selection,100,1,0.01,0,1,100,100,100,100,1,1,99,101,10000,1,0,1,24,0.315083,0.006875,0.307334,0.000333,0.948167,0.000042,0.975666,1,14708463868867433843
live-first-source-selection,100,1,0.01,1,1,100,100,100,100,1,1,99,101,10000,1,0,1,24,0.307250,0.006333,0.300167,0.000250,0.948167,0.000042,0.975666,1,14708463868867433843
live-first-source-selection,100,1,0.01,2,1,100,100,100,100,1,1,99,101,10000,1,0,1,24,0.299625,0.005833,0.293000,0.000292,0.948167,0.000042,0.975666,1,14708463868867433843
live-first-source-selection,100,1,0.01,3,1,100,100,100,100,1,1,99,101,10000,1,0,1,24,0.303333,0.005750,0.296750,0.000292,0.948167,0.000042,0.975666,1,14708463868867433843
live-first-source-selection,100,1,0.01,4,1,100,100,100,100,1,1,99,101,10000,1,0,1,24,0.296875,0.005709,0.290291,0.000292,0.948167,0.000042,0.975666,1,14708463868867433843
fetch-all-sources,100,5,0.05,0,1,100,100,100,100,5,100,0,200,1000000,1000000,1000000,0,118920060,136.064916,0.021584,136.033834,0.007666,0.908958,0.000041,0.954042,5,5253694295963796059
fetch-all-sources,100,5,0.05,1,1,100,100,100,100,5,100,0,200,1000000,1000000,1000000,0,118920060,134.761291,0.022750,134.731958,0.004792,0.908958,0.000041,0.954042,5,5253694295963796059
fetch-all-sources,100,5,0.05,2,1,100,100,100,100,5,100,0,200,1000000,1000000,1000000,0,118920060,134.519167,0.018333,134.495917,0.003208,0.908958,0.000041,0.954042,5,5253694295963796059
fetch-all-sources,100,5,0.05,3,1,100,100,100,100,5,100,0,200,1000000,1000000,1000000,0,118920060,133.382500,0.017792,133.360459,0.002875,0.908958,0.000041,0.954042,5,5253694295963796059
fetch-all-sources,100,5,0.05,4,1,100,100,100,100,5,100,0,200,1000000,1000000,1000000,0,118920060,133.017458,0.016167,132.994750,0.005375,0.908958,0.000041,0.954042,5,5253694295963796059
aggregate-all-sources,100,5,0.05,0,1,100,100,100,100,5,100,0,200,1000000,100,0,100,1260,29.675167,0.013708,29.658583,0.001542,0.908958,0.000041,0.954042,5,5253694295963796059
aggregate-all-sources,100,5,0.05,1,1,100,100,100,100,5,100,0,200,1000000,100,0,100,1260,29.268875,0.009708,29.256417,0.001708,0.908958,0.000041,0.954042,5,5253694295963796059
aggregate-all-sources,100,5,0.05,2,1,100,100,100,100,5,100,0,200,1000000,100,0,100,1260,28.639167,0.008834,28.627917,0.001458,0.908958,0.000041,0.954042,5,5253694295963796059
aggregate-all-sources,100,5,0.05,3,1,100,100,100,100,5,100,0,200,1000000,100,0,100,1260,28.615125,0.007833,28.600583,0.005583,0.908958,0.000041,0.954042,5,5253694295963796059
aggregate-all-sources,100,5,0.05,4,1,100,100,100,100,5,100,0,200,1000000,100,0,100,1260,28.405792,0.012125,28.391542,0.001041,0.908958,0.000041,0.954042,5,5253694295963796059
live-first-source-selection,100,5,0.05,0,1,100,100,100,100,5,5,95,105,50000,5,0,5,120,1.513042,0.007625,1.504041,0.000750,0.908958,0.000041,0.954042,5,5253694295963796059
live-first-source-selection,100,5,0.05,1,1,100,100,100,100,5,5,95,105,50000,5,0,5,120,1.509416,0.008000,1.500291,0.000542,0.908958,0.000041,0.954042,5,5253694295963796059
live-first-source-selection,100,5,0.05,2,1,100,100,100,100,5,5,95,105,50000,5,0,5,120,1.493208,0.006792,1.485334,0.000500,0.908958,0.000041,0.954042,5,5253694295963796059
live-first-source-selection,100,5,0.05,3,1,100,100,100,100,5,5,95,105,50000,5,0,5,120,1.494417,0.006625,1.486708,0.000500,0.908958,0.000041,0.954042,5,5253694295963796059
live-first-source-selection,100,5,0.05,4,1,100,100,100,100,5,5,95,105,50000,5,0,5,120,1.500833,0.006500,1.493291,0.000542,0.908958,0.000041,0.954042,5,5253694295963796059
fetch-all-sources,100,10,0.10,0,1,100,100,100,100,10,100,0,200,1000000,1000000,1000000,0,118920120,135.132250,0.020292,135.104000,0.006209,0.855417,0.000041,0.949917,10,11866307917495975509
fetch-all-sources,100,10,0.10,1,1,100,100,100,100,10,100,0,200,1000000,1000000,1000000,0,118920120,132.820709,0.021209,132.794166,0.003709,0.855417,0.000041,0.949917,10,11866307917495975509
fetch-all-sources,100,10,0.10,2,1,100,100,100,100,10,100,0,200,1000000,1000000,1000000,0,118920120,136.074000,0.014417,136.052917,0.005292,0.855417,0.000041,0.949917,10,11866307917495975509
fetch-all-sources,100,10,0.10,3,1,100,100,100,100,10,100,0,200,1000000,1000000,1000000,0,118920120,134.596833,0.018333,134.567292,0.005250,0.855417,0.000041,0.949917,10,11866307917495975509
fetch-all-sources,100,10,0.10,4,1,100,100,100,100,10,100,0,200,1000000,1000000,1000000,0,118920120,133.156125,0.021875,133.126333,0.006041,0.855417,0.000041,0.949917,10,11866307917495975509
aggregate-all-sources,100,10,0.10,0,1,100,100,100,100,10,100,0,200,1000000,100,0,100,1320,28.766167,0.022541,28.737875,0.003458,0.855417,0.000041,0.949917,10,11866307917495975509
aggregate-all-sources,100,10,0.10,1,1,100,100,100,100,10,100,0,200,1000000,100,0,100,1320,28.887791,0.017250,28.866125,0.002917,0.855417,0.000041,0.949917,10,11866307917495975509
aggregate-all-sources,100,10,0.10,2,1,100,100,100,100,10,100,0,200,1000000,100,0,100,1320,28.788166,0.013375,28.771292,0.002250,0.855417,0.000041,0.949917,10,11866307917495975509
aggregate-all-sources,100,10,0.10,3,1,100,100,100,100,10,100,0,200,1000000,100,0,100,1320,28.719584,0.010834,28.705667,0.002000,0.855417,0.000041,0.949917,10,11866307917495975509
aggregate-all-sources,100,10,0.10,4,1,100,100,100,100,10,100,0,200,1000000,100,0,100,1320,28.941458,0.009459,28.929291,0.001625,0.855417,0.000041,0.949917,10,11866307917495975509
live-first-source-selection,100,10,0.10,0,1,100,100,100,100,10,10,90,110,100000,10,0,10,240,2.854000,0.007416,2.844333,0.001542,0.855417,0.000041,0.949917,10,11866307917495975509
live-first-source-selection,100,10,0.10,1,1,100,100,100,100,10,10,90,110,100000,10,0,10,240,2.942333,0.023834,2.916583,0.001042,0.855417,0.000041,0.949917,10,11866307917495975509
live-first-source-selection,100,10,0.10,2,1,100,100,100,100,10,10,90,110,100000,10,0,10,240,2.829292,0.010125,2.817334,0.001084,0.855417,0.000041,0.949917,10,11866307917495975509
live-first-source-selection,100,10,0.10,3,1,100,100,100,100,10,10,90,110,100000,10,0,10,240,2.784459,0.007208,2.775708,0.000833,0.855417,0.000041,0.949917,10,11866307917495975509
live-first-source-selection,100,10,0.10,4,1,100,100,100,100,10,10,90,110,100000,10,0,10,240,2.807416,0.006916,2.798958,0.000916,0.855417,0.000041,0.949917,10,11866307917495975509
fetch-all-sources,100,25,0.25,0,1,100,100,100,100,25,100,0,200,1000000,1000000,1000000,0,118920300,134.180750,0.021834,134.150917,0.006417,0.852959,0.000042,0.941375,25,6531155869535032273
fetch-all-sources,100,25,0.25,1,1,100,100,100,100,25,100,0,200,1000000,1000000,1000000,0,118920300,132.727875,0.021125,132.698500,0.006708,0.852959,0.000042,0.941375,25,6531155869535032273
fetch-all-sources,100,25,0.25,2,1,100,100,100,100,25,100,0,200,1000000,1000000,1000000,0,118920300,132.081959,0.017375,132.057500,0.005583,0.852959,0.000042,0.941375,25,6531155869535032273
fetch-all-sources,100,25,0.25,3,1,100,100,100,100,25,100,0,200,1000000,1000000,1000000,0,118920300,134.374500,0.017667,134.349000,0.006666,0.852959,0.000042,0.941375,25,6531155869535032273
fetch-all-sources,100,25,0.25,4,1,100,100,100,100,25,100,0,200,1000000,1000000,1000000,0,118920300,136.453000,0.019209,136.424375,0.007834,0.852959,0.000042,0.941375,25,6531155869535032273
aggregate-all-sources,100,25,0.25,0,1,100,100,100,100,25,100,0,200,1000000,100,0,100,1500,29.412167,0.017875,29.386750,0.006083,0.852959,0.000042,0.941375,25,6531155869535032273
aggregate-all-sources,100,25,0.25,1,1,100,100,100,100,25,100,0,200,1000000,100,0,100,1500,29.684875,0.020500,29.659042,0.003625,0.852959,0.000042,0.941375,25,6531155869535032273
aggregate-all-sources,100,25,0.25,2,1,100,100,100,100,25,100,0,200,1000000,100,0,100,1500,28.835833,0.013125,28.817583,0.003958,0.852959,0.000042,0.941375,25,6531155869535032273
aggregate-all-sources,100,25,0.25,3,1,100,100,100,100,25,100,0,200,1000000,100,0,100,1500,28.835875,0.016375,28.814917,0.003167,0.852959,0.000042,0.941375,25,6531155869535032273
aggregate-all-sources,100,25,0.25,4,1,100,100,100,100,25,100,0,200,1000000,100,0,100,1500,28.924083,0.013208,28.906709,0.002875,0.852959,0.000042,0.941375,25,6531155869535032273
live-first-source-selection,100,25,0.25,0,1,100,100,100,100,25,25,75,125,250000,25,0,25,600,7.360416,0.020292,7.336416,0.002584,0.852959,0.000042,0.941375,25,6531155869535032273
live-first-source-selection,100,25,0.25,1,1,100,100,100,100,25,25,75,125,250000,25,0,25,600,7.183041,0.009375,7.170084,0.002625,0.852959,0.000042,0.941375,25,6531155869535032273
live-first-source-selection,100,25,0.25,2,1,100,100,100,100,25,25,75,125,250000,25,0,25,600,7.222792,0.018000,7.201417,0.002250,0.852959,0.000042,0.941375,25,6531155869535032273
live-first-source-selection,100,25,0.25,3,1,100,100,100,100,25,25,75,125,250000,25,0,25,600,7.244250,0.009041,7.232250,0.002083,0.852959,0.000042,0.941375,25,6531155869535032273
live-first-source-selection,100,25,0.25,4,1,100,100,100,100,25,25,75,125,250000,25,0,25,600,7.298958,0.009125,7.286709,0.002000,0.852959,0.000042,0.941375,25,6531155869535032273
fetch-all-sources,100,50,0.50,0,1,100,100,100,100,50,100,0,200,1000000,1000000,1000000,0,118920600,131.311750,0.022875,131.278250,0.009083,0.841458,0.000000,0.933166,50,17774635009270182749
fetch-all-sources,100,50,0.50,1,1,100,100,100,100,50,100,0,200,1000000,1000000,1000000,0,118920600,131.516958,0.020958,131.487334,0.007375,0.841458,0.000000,0.933166,50,17774635009270182749
fetch-all-sources,100,50,0.50,2,1,100,100,100,100,50,100,0,200,1000000,1000000,1000000,0,118920600,131.777917,0.019625,131.750458,0.006417,0.841458,0.000000,0.933166,50,17774635009270182749
fetch-all-sources,100,50,0.50,3,1,100,100,100,100,50,100,0,200,1000000,1000000,1000000,0,118920600,131.189125,0.018416,131.161584,0.007833,0.841458,0.000000,0.933166,50,17774635009270182749
fetch-all-sources,100,50,0.50,4,1,100,100,100,100,50,100,0,200,1000000,1000000,1000000,0,118920600,130.985209,0.024292,130.952750,0.006875,0.841458,0.000000,0.933166,50,17774635009270182749
aggregate-all-sources,100,50,0.50,0,1,100,100,100,100,50,100,0,200,1000000,100,0,100,1800,31.349083,0.034166,31.308583,0.004875,0.841458,0.000000,0.933166,50,17774635009270182749
aggregate-all-sources,100,50,0.50,1,1,100,100,100,100,50,100,0,200,1000000,100,0,100,1800,29.971875,0.024708,29.942375,0.003625,0.841458,0.000000,0.933166,50,17774635009270182749
aggregate-all-sources,100,50,0.50,2,1,100,100,100,100,50,100,0,200,1000000,100,0,100,1800,30.195041,0.017625,30.172792,0.003500,0.841458,0.000000,0.933166,50,17774635009270182749
aggregate-all-sources,100,50,0.50,3,1,100,100,100,100,50,100,0,200,1000000,100,0,100,1800,29.888750,0.016416,29.867916,0.003208,0.841458,0.000000,0.933166,50,17774635009270182749
aggregate-all-sources,100,50,0.50,4,1,100,100,100,100,50,100,0,200,1000000,100,0,100,1800,29.620000,0.014125,29.601458,0.003333,0.841458,0.000000,0.933166,50,17774635009270182749
live-first-source-selection,100,50,0.50,0,1,100,100,100,100,50,50,50,150,500000,50,0,50,1200,14.782500,0.011667,14.765875,0.003792,0.841458,0.000000,0.933166,50,17774635009270182749
live-first-source-selection,100,50,0.50,1,1,100,100,100,100,50,50,50,150,500000,50,0,50,1200,14.690625,0.011416,14.674791,0.003375,0.841458,0.000000,0.933166,50,17774635009270182749
live-first-source-selection,100,50,0.50,2,1,100,100,100,100,50,50,50,150,500000,50,0,50,1200,14.506458,0.011417,14.489750,0.004208,0.841458,0.000000,0.933166,50,17774635009270182749
live-first-source-selection,100,50,0.50,3,1,100,100,100,100,50,50,50,150,500000,50,0,50,1200,14.338958,0.012042,14.321125,0.004625,0.841458,0.000000,0.933166,50,17774635009270182749
live-first-source-selection,100,50,0.50,4,1,100,100,100,100,50,50,50,150,500000,50,0,50,1200,14.295375,0.016208,14.274333,0.003667,0.841458,0.000000,0.933166,50,17774635009270182749
fetch-all-sources,100,75,0.75,0,1,100,100,100,100,75,100,0,200,1000000,1000000,1000000,0,118920900,136.254833,0.021667,136.219166,0.012291,0.825875,0.000042,0.942750,75,16026610672052418408
fetch-all-sources,100,75,0.75,1,1,100,100,100,100,75,100,0,200,1000000,1000000,1000000,0,118920900,135.274334,0.025584,135.235292,0.011792,0.825875,0.000042,0.942750,75,16026610672052418408
fetch-all-sources,100,75,0.75,2,1,100,100,100,100,75,100,0,200,1000000,1000000,1000000,0,118920900,152.857917,0.030375,152.812583,0.013167,0.825875,0.000042,0.942750,75,16026610672052418408
fetch-all-sources,100,75,0.75,3,1,100,100,100,100,75,100,0,200,1000000,1000000,1000000,0,118920900,135.240417,0.029833,135.197500,0.011500,0.825875,0.000042,0.942750,75,16026610672052418408
fetch-all-sources,100,75,0.75,4,1,100,100,100,100,75,100,0,200,1000000,1000000,1000000,0,118920900,134.351875,0.029792,134.310084,0.010250,0.825875,0.000042,0.942750,75,16026610672052418408
aggregate-all-sources,100,75,0.75,0,1,100,100,100,100,75,100,0,200,1000000,100,0,100,2100,29.672459,0.021292,29.644375,0.005542,0.825875,0.000042,0.942750,75,16026610672052418408
aggregate-all-sources,100,75,0.75,1,1,100,100,100,100,75,100,0,200,1000000,100,0,100,2100,29.717625,0.017750,29.691209,0.007500,0.825875,0.000042,0.942750,75,16026610672052418408
aggregate-all-sources,100,75,0.75,2,1,100,100,100,100,75,100,0,200,1000000,100,0,100,2100,29.725875,0.023375,29.694042,0.006916,0.825875,0.000042,0.942750,75,16026610672052418408
aggregate-all-sources,100,75,0.75,3,1,100,100,100,100,75,100,0,200,1000000,100,0,100,2100,29.020875,0.022667,28.990791,0.005875,0.825875,0.000042,0.942750,75,16026610672052418408
aggregate-all-sources,100,75,0.75,4,1,100,100,100,100,75,100,0,200,1000000,100,0,100,2100,28.732583,0.021792,28.703958,0.005291,0.825875,0.000042,0.942750,75,16026610672052418408
live-first-source-selection,100,75,0.75,0,1,100,100,100,100,75,75,25,175,750000,75,0,75,1800,21.216042,0.015458,21.193250,0.006042,0.825875,0.000042,0.942750,75,16026610672052418408
live-first-source-selection,100,75,0.75,1,1,100,100,100,100,75,75,25,175,750000,75,0,75,1800,21.470459,0.020667,21.443042,0.005459,0.825875,0.000042,0.942750,75,16026610672052418408
live-first-source-selection,100,75,0.75,2,1,100,100,100,100,75,75,25,175,750000,75,0,75,1800,21.381500,0.016708,21.358375,0.005292,0.825875,0.000042,0.942750,75,16026610672052418408
live-first-source-selection,100,75,0.75,3,1,100,100,100,100,75,75,25,175,750000,75,0,75,1800,21.277833,0.014791,21.257250,0.004750,0.825875,0.000042,0.942750,75,16026610672052418408
live-first-source-selection,100,75,0.75,4,1,100,100,100,100,75,75,25,175,750000,75,0,75,1800,21.370667,0.014416,21.348208,0.006875,0.825875,0.000042,0.942750,75,16026610672052418408
fetch-all-sources,100,100,1.00,0,1,100,100,100,100,100,100,0,200,1000000,1000000,1000000,0,118921200,133.406709,0.030042,133.363375,0.011375,0.842042,0.000041,0.937459,100,11622410121917591052
fetch-all-sources,100,100,1.00,1,1,100,100,100,100,100,100,0,200,1000000,1000000,1000000,0,118921200,131.200167,0.023583,131.162042,0.012750,0.842042,0.000041,0.937459,100,11622410121917591052
fetch-all-sources,100,100,1.00,2,1,100,100,100,100,100,100,0,200,1000000,1000000,1000000,0,118921200,131.635042,0.025458,131.596125,0.011875,0.842042,0.000041,0.937459,100,11622410121917591052
fetch-all-sources,100,100,1.00,3,1,100,100,100,100,100,100,0,200,1000000,1000000,1000000,0,118921200,131.162375,0.023250,131.125250,0.012709,0.842042,0.000041,0.937459,100,11622410121917591052
fetch-all-sources,100,100,1.00,4,1,100,100,100,100,100,100,0,200,1000000,1000000,1000000,0,118921200,132.178000,0.025833,132.133917,0.017000,0.842042,0.000041,0.937459,100,11622410121917591052
aggregate-all-sources,100,100,1.00,0,1,100,100,100,100,100,100,0,200,1000000,100,0,100,2400,29.506834,0.019459,29.480209,0.006042,0.842042,0.000041,0.937459,100,11622410121917591052
aggregate-all-sources,100,100,1.00,1,1,100,100,100,100,100,100,0,200,1000000,100,0,100,2400,28.908000,0.017791,28.883541,0.005542,0.842042,0.000041,0.937459,100,11622410121917591052
aggregate-all-sources,100,100,1.00,2,1,100,100,100,100,100,100,0,200,1000000,100,0,100,2400,29.466167,0.017958,29.441375,0.005792,0.842042,0.000041,0.937459,100,11622410121917591052
aggregate-all-sources,100,100,1.00,3,1,100,100,100,100,100,100,0,200,1000000,100,0,100,2400,29.529458,0.017417,29.505584,0.005416,0.842042,0.000041,0.937459,100,11622410121917591052
aggregate-all-sources,100,100,1.00,4,1,100,100,100,100,100,100,0,200,1000000,100,0,100,2400,29.026083,0.017458,29.000708,0.006792,0.842042,0.000041,0.937459,100,11622410121917591052
live-first-source-selection,100,100,1.00,0,1,100,100,100,100,100,100,0,200,1000000,100,0,100,2400,28.440042,0.017958,28.413583,0.007250,0.842042,0.000041,0.937459,100,11622410121917591052
live-first-source-selection,100,100,1.00,1,1,100,100,100,100,100,100,0,200,1000000,100,0,100,2400,28.558583,0.018333,28.533500,0.005334,0.842042,0.000041,0.937459,100,11622410121917591052
live-first-source-selection,100,100,1.00,2,1,100,100,100,100,100,100,0,200,1000000,100,0,100,2400,28.653166,0.017041,28.629333,0.005583,0.842042,0.000041,0.937459,100,11622410121917591052
live-first-source-selection,100,100,1.00,3,1,100,100,100,100,100,100,0,200,1000000,100,0,100,2400,28.491083,0.017250,28.464584,0.008125,0.842042,0.000041,0.937459,100,11622410121917591052
live-first-source-selection,100,100,1.00,4,1,100,100,100,100,100,100,0,200,1000000,100,0,100,2400,28.416667,0.016791,28.392875,0.005875,0.842042,0.000041,0.937459,100,11622410121917591052
